Month,State,Total_Claims_Received,Individual_Claims,Community_Claims,Claims_Recommended_SDLC,Claims_Recommended_DLC,Approved_Claims,Pending_Claims,Rejected_Claims,Titles_Distributed,Pending_Rate,Approval_Rate,Rejection_Rate,Disposal_Rate,Workflow_Bottleneck_Rate,SDLC_Dropoff_Rate,DLC_Dropoff_Rate,Rejection_Anomaly_Score,Pending_Backlog_Growth,Individual_vs_Community_Imbalance,Data_Inconsistency_Flag,Risk_Score,Risk_Level,anomaly_score,ML_Risk_Score,ML_Risk_Level,Anomaly_Type,AI_Explanation
2025-01,Andhra Pradesh,288164,284870,3294,288164,288164,228256,1504,58404,228256,0.0052,0.7921,0.2027,0.9948,0.2079,0.0,0.2079,-0.6598,0,0.9771,0,21.74,Normal,0.2174,21.74,Normal,Normal Workflow,Normal administrative progression (Risk Score: 21.7). Features align with standard state baselines.
2025-01,Assam,155011,148965,6046,155011,0,0,155011,0,58802,1.0,0.0,0.0,0.0,1.0,0.0,1.0,-1.3271,0,0.922,0,29.88,Normal,0.2988,29.88,Normal,Normal Workflow,Normal administrative progression (Risk Score: 29.9). Features align with standard state baselines.
2025-01,Bihar,8022,8022,0,8022,0,0,3686,4336,4215,0.4595,0.0,0.5405,0.5405,1.0,0.0,1.0,0.4521,0,1.0,0,29.94,Normal,0.2994,29.94,Normal,Normal Workflow,Normal administrative progression (Risk Score: 29.9). Features align with standard state baselines.
2025-01,Chhattisgarh,941977,888028,53949,941977,941977,527833,13495,400649,527833,0.0143,0.5603,0.4253,0.9857,0.4397,0.0,0.4397,0.0729,0,0.8855,0,93.79,High Risk,0.9379,93.79,High Risk,Administrative Bottleneck,High Risk (Score: 93.8): High administrative bottleneck in processing pipeline (Workflow Bottleneck Rate: 44.0%).
2025-01,Goa,10136,9758,378,10136,4512,4512,5490,134,871,0.5416,0.4451,0.0132,0.4584,0.5549,0.0,0.5549,-1.2836,0,0.9254,0,19.71,Normal,0.1971,19.71,Normal,Normal Workflow,Normal administrative progression (Risk Score: 19.7). Features align with standard state baselines.
2025-01,Gujarat,190056,182869,7187,190056,190056,103080,84644,2332,103080,0.4454,0.5424,0.0123,0.5546,0.4576,0.0,0.4576,-1.2866,0,0.9244,0,18.64,Normal,0.1864,18.64,Normal,Normal Workflow,Normal administrative progression (Risk Score: 18.6). Features align with standard state baselines.
2025-01,Himachal Pradesh,5419,4880,539,5419,5419,659,4706,54,659,0.8684,0.1216,0.01,0.1316,0.8784,0.0,0.8784,-1.2941,0,0.8011,0,16.75,Normal,0.1675,16.75,Normal,Normal Workflow,Normal administrative progression (Risk Score: 16.8). Features align with standard state baselines.
2025-01,J&K,46090,33233,12857,46090,46090,6020,146,39924,6020,0.0032,0.1306,0.8662,0.9968,0.8694,0.0,0.8694,1.5241,0,0.4421,0,21.86,Normal,0.2186,21.86,Normal,Normal Workflow,Normal administrative progression (Risk Score: 21.9). Features align with standard state baselines.
2025-01,Jharkhand,110756,107032,3724,110756,2531,2531,80118,28107,61970,0.7234,0.0229,0.2538,0.2766,0.9771,0.0,0.9771,-0.4916,0,0.9328,0,24.15,Normal,0.2415,24.15,Normal,Normal Workflow,Normal administrative progression (Risk Score: 24.1). Features align with standard state baselines.
2025-01,Karnataka,294489,288549,5940,294489,294489,16326,24894,253269,16326,0.0845,0.0554,0.86,0.9155,0.9446,0.0,0.9446,1.5037,0,0.9597,0,39.25,Normal,0.3925,39.25,Normal,Normal Workflow,Normal administrative progression (Risk Score: 39.2). Features align with standard state baselines.
2025-01,Kerala,45446,44455,991,45446,39773,39773,0,12977,29400,0.0,0.8752,0.2855,1.0,0.1248,0.0,0.1248,-0.3873,0,0.9564,1,20.77,Normal,0.2077,20.77,Normal,Normal Workflow,Normal administrative progression (Risk Score: 20.8). Features align with standard state baselines.
2025-01,Madhya Pradesh,627513,585326,42187,627513,627513,294877,10229,322407,294877,0.0163,0.4699,0.5138,0.9837,0.5301,0.0,0.5301,0.3642,0,0.8655,0,44.5,Attention,0.445,44.5,Attention,Administrative Bottleneck,Attention (Score: 44.5): High administrative bottleneck in processing pipeline (Workflow Bottleneck Rate: 53.0%).
2025-01,Maharashtra,409156,397897,11259,409156,409156,208335,28190,172631,208335,0.0689,0.5092,0.4219,0.9311,0.4908,0.0,0.4908,0.0617,0,0.945,0,32.58,Normal,0.3258,32.58,Normal,Normal Workflow,Normal administrative progression (Risk Score: 32.6). Features align with standard state baselines.
2025-01,Odisha,720019,691757,28262,720019,720019,469648,105735,144636,469648,0.1469,0.6523,0.2009,0.8531,0.3477,0.0,0.3477,-0.6658,0,0.9215,0,64.23,Attention,0.6423,64.23,Attention,Administrative Bottleneck,Attention (Score: 64.2): High administrative bottleneck in processing pipeline (Workflow Bottleneck Rate: 34.8%).
2025-01,Rajasthan,118375,113162,5213,118375,118375,51766,688,65921,51766,0.0058,0.4373,0.5569,0.9942,0.5627,0.0,0.5627,0.506,0,0.9119,0,5.23,Normal,0.0523,5.23,Normal,Normal Workflow,Normal administrative progression (Risk Score: 5.2). Features align with standard state baselines.
2025-01,Tamil Nadu,34667,33119,1548,34667,34667,16508,5448,12711,16508,0.1572,0.4762,0.3667,0.8428,0.5238,0.0,0.5238,-0.12,0,0.9107,0,2.75,Normal,0.0275,2.75,Normal,Normal Workflow,Normal administrative progression (Risk Score: 2.8). Features align with standard state baselines.
2025-01,Telangana,655249,651822,3427,655249,721,721,560102,94426,231456,0.8548,0.0011,0.1441,0.1452,0.9989,0.0,0.9989,-0.8527,0,0.9895,0,73.81,High Risk,0.7381,73.81,High Risk,Administrative Bottleneck,High Risk (Score: 73.8): High administrative bottleneck in processing pipeline (Workflow Bottleneck Rate: 99.9%).
2025-01,Tripura,200721,200557,164,200721,200721,128032,3841,68848,128032,0.0191,0.6379,0.343,0.9809,0.3621,0.0,0.3621,-0.198,0,0.9984,0,11.47,Normal,0.1147,11.47,Normal,Normal Workflow,Normal administrative progression (Risk Score: 11.5). Features align with standard state baselines.
2025-01,Uttar Pradesh,93739,92577,1162,93739,93739,18910,68,74761,18910,0.0007,0.2017,0.7975,0.9993,0.7983,0.0,0.7983,1.298,0,0.9752,0,11.0,Normal,0.11,11.0,Normal,Normal Workflow,Normal administrative progression (Risk Score: 11.0). Features align with standard state baselines.
2025-01,Uttarakhand,6678,3587,3091,0,0,0,185,6493,185,0.0277,0.0,0.9723,0.9723,0.0,1.0,0.0,1.8734,0,0.0743,0,22.3,Normal,0.223,22.3,Normal,Normal Workflow,Normal administrative progression (Risk Score: 22.3). Features align with standard state baselines.
2025-01,West Bengal,142081,131962,10119,51052,44444,44444,1050,96587,45130,0.0074,0.3128,0.6798,0.9926,0.0465,0.6407,0.1294,0.9106,0,0.8576,0,17.27,Normal,0.1727,17.27,Normal,Normal Workflow,Normal administrative progression (Risk Score: 17.3). Features align with standard state baselines.
2025-02,Andhra Pradesh,288381,285087,3294,288381,288381,228473,1498,58410,228473,0.0052,0.7923,0.2025,0.9948,0.2077,0.0,0.2077,-0.6757,-6,0.9772,0,17.57,Normal,0.1757,17.57,Normal,Normal Workflow,Normal administrative progression (Risk Score: 17.6). Features align with standard state baselines.
2025-02,Assam,155011,148965,6046,0,0,0,155011,0,58802,1.0,0.0,0.0,0.0,0.0,1.0,0.0,-1.3021,0,0.922,0,30.88,Normal,0.3088,30.88,Normal,Normal Workflow,Normal administrative progression (Risk Score: 30.9). Features align with standard state baselines.
2025-02,Bihar,4696,4696,0,4696,4696,191,9,4496,191,0.0019,0.0407,0.9574,0.9981,0.9593,0.0,0.9593,1.6593,-3677,1.0,0,24.9,Normal,0.249,24.9,Normal,Normal Workflow,Normal administrative progression (Risk Score: 24.9). Features align with standard state baselines.
2025-02,Chhattisgarh,941977,888028,53949,941977,941977,527833,13495,400649,527833,0.0143,0.5603,0.4253,0.9857,0.4397,0.0,0.4397,0.0134,0,0.8855,0,92.64,High Risk,0.9264,92.64,High Risk,Administrative Bottleneck,High Risk (Score: 92.6): High administrative bottleneck in processing pipeline (Workflow Bottleneck Rate: 44.0%).
2025-02,Goa,10136,9757,379,10136,6474,4660,5298,178,871,0.5227,0.4597,0.0176,0.4773,0.5403,0.0,0.5403,-1.2477,-192,0.9252,0,20.94,Normal,0.2094,20.94,Normal,Normal Workflow,Normal administrative progression (Risk Score: 20.9). Features align with standard state baselines.
2025-02,Gujarat,190056,182869,7187,190056,190056,103080,84644,2332,103080,0.4454,0.5424,0.0123,0.5546,0.4576,0.0,0.4576,-1.2641,0,0.9244,0,18.91,Normal,0.1891,18.91,Normal,Normal Workflow,Normal administrative progression (Risk Score: 18.9). Features align with standard state baselines.
2025-02,Himachal Pradesh,5419,4880,539,5419,5419,659,4706,54,659,0.8684,0.1216,0.01,0.1316,0.8784,0.0,0.8784,-1.2712,0,0.8011,0,16.78,Normal,0.1678,16.78,Normal,Normal Workflow,Normal administrative progression (Risk Score: 16.8). Features align with standard state baselines.
2025-02,J&K,46090,33233,12857,46090,46090,6020,146,39924,6020,0.0032,0.1306,0.8662,0.9968,0.8694,0.0,0.8694,1.3772,0,0.4421,0,17.64,Normal,0.1764,17.64,Normal,Normal Workflow,Normal administrative progression (Risk Score: 17.6). Features align with standard state baselines.
2025-02,Jharkhand,110756,107032,3724,110756,110756,17577,65072,28107,61970,0.5875,0.1587,0.2538,0.4125,0.8413,0.0,0.8413,-0.5171,-15046,0.9328,0,22.87,Normal,0.2287,22.87,Normal,Normal Workflow,Normal administrative progression (Risk Score: 22.9). Features align with standard state baselines.
2025-02,Karnataka,294489,288549,5940,294489,294489,16326,24894,253269,16326,0.0845,0.0554,0.86,0.9155,0.9446,0.0,0.9446,1.3581,0,0.9597,0,36.74,Normal,0.3674,36.74,Normal,Normal Workflow,Normal administrative progression (Risk Score: 36.7). Features align with standard state baselines.
2025-02,Kerala,45446,44455,991,45446,39773,39773,0,12977,29400,0.0,0.8752,0.2855,1.0,0.1248,0.0,0.1248,-0.419,0,0.9564,1,20.0,Normal,0.2,20.0,Normal,Normal Workflow,Normal administrative progression (Risk Score: 20.0). Features align with standard state baselines.
2025-02,Madhya Pradesh,627513,585326,42187,627513,627513,294877,10229,322407,294877,0.0163,0.4699,0.5138,0.9837,0.5301,0.0,0.5301,0.2872,0,0.8655,0,35.42,Normal,0.3542,35.42,Normal,Normal Workflow,Normal administrative progression (Risk Score: 35.4). Features align with standard state baselines.
2025-02,Maharashtra,409156,397897,11259,11747,11747,11747,224778,172631,208335,0.5494,0.0287,0.4219,0.4506,0.0,0.9713,0.0,0.0029,196588,0.945,0,50.86,Attention,0.5086,50.86,Attention,Rejection Spike,Attention (Score: 50.9): High claim rejection rate (42.2%) deviating from national monthly baseline.
2025-02,Odisha,723841,691948,31893,723841,71724,71724,507481,144636,470109,0.7011,0.0991,0.1998,0.2989,0.9009,0.0,0.9009,-0.6841,401746,0.9119,0,97.25,High Risk,0.9725,97.25,High Risk,Administrative Bottleneck,High Risk (Score: 97.2): High administrative bottleneck in processing pipeline (Workflow Bottleneck Rate: 90.1%).
2025-02,Rajasthan,118375,113162,5213,118375,118375,51766,688,65921,51766,0.0058,0.4373,0.5569,0.9942,0.5627,0.0,0.5627,0.4205,0,0.9119,0,5.56,Normal,0.0556,5.56,Normal,Normal Workflow,Normal administrative progression (Risk Score: 5.6). Features align with standard state baselines.
2025-02,Tamil Nadu,34667,33119,1548,34667,1349,1349,20607,12711,16508,0.5944,0.0389,0.3667,0.4056,0.9611,0.0,0.9611,-0.1678,15159,0.9107,0,18.16,Normal,0.1816,18.16,Normal,Normal Workflow,Normal administrative progression (Risk Score: 18.2). Features align with standard state baselines.
2025-02,Telangana,655249,651822,3427,144,138,101,560722,94426,231456,0.8557,0.0002,0.1441,0.1443,0.0001,0.9998,0.2986,-0.8564,620,0.9895,0,55.8,Attention,0.558,55.8,Attention,Backlog Accumulation,"Attention (Score: 55.8): Expanding unresolved backlog (Pending Rate: 85.6%, MoM Growth: +620 claims)."
2025-02,Tripura,200721,200557,164,200721,200721,128032,3841,68848,128032,0.0191,0.6379,0.343,0.9809,0.3621,0.0,0.3621,-0.2411,0,0.9984,0,11.47,Normal,0.1147,11.47,Normal,Normal Workflow,Normal administrative progression (Risk Score: 11.5). Features align with standard state baselines.
2025-02,Uttar Pradesh,94166,92972,1194,94166,94166,23430,0,70736,23430,0.0,0.2488,0.7512,1.0,0.7512,0.0,0.7512,1.0215,-68,0.9746,0,2.76,Normal,0.0276,2.76,Normal,Normal Workflow,Normal administrative progression (Risk Score: 2.8). Features align with standard state baselines.
2025-02,Uttarakhand,6678,3587,3091,6678,6678,6678,0,6493,185,0.0,1.0,0.9723,1.0,0.0,0.0,0.0,1.7054,-185,0.0743,1,38.78,Normal,0.3878,38.78,Normal,Normal Workflow,Normal administrative progression (Risk Score: 38.8). Features align with standard state baselines.
2025-02,West Bengal,142081,131962,10119,142081,142081,45130,364,96587,45130,0.0026,0.3176,0.6798,0.9974,0.6824,0.0,0.6824,0.8007,-686,0.8576,0,22.91,Normal,0.2291,22.91,Normal,Normal Workflow,Normal administrative progression (Risk Score: 22.9). Features align with standard state baselines.
2025-03,Andhra Pradesh,288381,285087,3294,288381,288381,228473,1498,58410,228473,0.0052,0.7923,0.2025,0.9948,0.2077,0.0,0.2077,-0.675,0,0.9772,0,16.94,Normal,0.1694,16.94,Normal,Normal Workflow,Normal administrative progression (Risk Score: 16.9). Features align with standard state baselines.
2025-03,Assam,155011,148965,6046,0,0,0,155011,0,58802,1.0,0.0,0.0,0.0,0.0,1.0,0.0,-1.2943,0,0.922,0,32.24,Normal,0.3224,32.24,Normal,Normal Workflow,Normal administrative progression (Risk Score: 32.2). Features align with standard state baselines.
2025-03,Bihar,191,4696,4696,191,191,191,0,4687,4496,0.0,1.0,1.0,1.0,0.0,0.0,0.0,1.7643,-9,0.0,1,35.72,Normal,0.3572,35.72,Normal,Normal Workflow,Normal administrative progression (Risk Score: 35.7). Features align with standard state baselines.
2025-03,Chhattisgarh,947479,890220,57259,947479,947479,534068,6624,406787,534068,0.007,0.5637,0.4293,0.993,0.4363,0.0,0.4363,0.0187,-6871,0.8791,0,73.15,High Risk,0.7315,73.15,High Risk,Administrative Bottleneck,High Risk (Score: 73.2): High administrative bottleneck in processing pipeline (Workflow Bottleneck Rate: 43.6%).
2025-03,Goa,10136,9757,379,4660,2742,2096,7861,179,871,0.7756,0.2068,0.0177,0.2244,0.253,0.5403,0.5502,-1.2402,2563,0.9252,0,26.04,Normal,0.2604,26.04,Normal,Normal Workflow,Normal administrative progression (Risk Score: 26.0). Features align with standard state baselines.
2025-03,Gujarat,190056,182869,7187,186192,119410,103503,84222,2331,103503,0.4431,0.5446,0.0123,0.5569,0.4351,0.0203,0.4441,-1.2567,-422,0.9244,0,13.66,Normal,0.1366,13.66,Normal,Normal Workflow,Normal administrative progression (Risk Score: 13.7). Features align with standard state baselines.
2025-03,Himachal Pradesh,5566,4883,683,5566,5566,808,4704,54,808,0.8451,0.1452,0.0097,0.1549,0.8548,0.0,0.8548,-1.2647,-2,0.7546,0,12.35,Normal,0.1235,12.35,Normal,Normal Workflow,Normal administrative progression (Risk Score: 12.3). Features align with standard state baselines.
2025-03,J&K,46090,33233,12857,46090,46090,6020,146,39924,6020,0.0032,0.1306,0.8662,0.9968,0.8694,0.0,0.8694,1.355,0,0.4421,0,17.58,Normal,0.1758,17.58,Normal,Normal Workflow,Normal administrative progression (Risk Score: 17.6). Features align with standard state baselines.
2025-03,Jharkhand,110756,107032,3724,5566,2531,2531,80118,28107,61970,0.7234,0.0229,0.2538,0.2766,0.0274,0.9497,0.5453,-0.5181,15046,0.9328,0,17.81,Normal,0.1781,17.81,Normal,Normal Workflow,Normal administrative progression (Risk Score: 17.8). Features align with standard state baselines.
2025-03,Karnataka,294489,288549,5940,113013,17577,415,40805,253269,16326,0.1386,0.0014,0.86,0.8614,0.3824,0.6162,0.9963,1.3361,15911,0.9597,0,45.05,Attention,0.4505,45.05,Attention,Administrative Bottleneck,Attention (Score: 45.0): High administrative bottleneck in processing pipeline (Workflow Bottleneck Rate: 38.2%).
2025-03,Kerala,45446,44455,991,45446,39773,39773,0,12994,29460,0.0,0.8752,0.2859,1.0,0.1248,0.0,0.1248,-0.4199,0,0.9564,1,20.66,Normal,0.2066,20.66,Normal,Normal Workflow,Normal administrative progression (Risk Score: 20.7). Features align with standard state baselines.
2025-03,Madhya Pradesh,627513,585326,42187,627513,627513,294877,10229,322407,294877,0.0163,0.4699,0.5138,0.9837,0.5301,0.0,0.5301,0.2772,0,0.8655,0,33.15,Normal,0.3315,33.15,Normal,Normal Workflow,Normal administrative progression (Risk Score: 33.1). Features align with standard state baselines.
2025-03,Maharashtra,409156,397897,11259,374165,174066,174066,62459,172631,208335,0.1527,0.4254,0.4219,0.8473,0.4891,0.0855,0.5348,-0.0039,-162319,0.945,0,29.26,Normal,0.2926,29.26,Normal,Normal Workflow,Normal administrative progression (Risk Score: 29.3). Features align with standard state baselines.
2025-03,Odisha,724392,691948,32444,118375,71724,71724,508032,144636,470251,0.7013,0.099,0.1997,0.2987,0.0644,0.8366,0.3941,-0.6835,551,0.9104,0,81.99,High Risk,0.8199,81.99,High Risk,Administrative Bottleneck,High Risk (Score: 82.0): High administrative bottleneck in processing pipeline (Workflow Bottleneck Rate: 6.4%).
2025-03,Rajasthan,118375,113162,5213,118375,118375,51766,688,65921,51766,0.0058,0.4373,0.5569,0.9942,0.5627,0.0,0.5627,0.409,0,0.9119,0,5.56,Normal,0.0556,5.56,Normal,Normal Workflow,Normal administrative progression (Risk Score: 5.6). Features align with standard state baselines.
2025-03,Tamil Nadu,34667,33119,1548,27582,16972,16568,5388,12711,16508,0.1554,0.4779,0.3667,0.8446,0.3177,0.2044,0.3993,-0.1728,-15219,0.9107,0,7.35,Normal,0.0735,7.35,Normal,Normal Workflow,Normal administrative progression (Risk Score: 7.3). Features align with standard state baselines.
2025-03,Telangana,655249,651822,3427,231456,138,138,560685,94426,231456,0.8557,0.0002,0.1441,0.1443,0.353,0.6468,0.9994,-0.8536,-37,0.9895,0,65.34,High Risk,0.6534,65.34,High Risk,Administrative Bottleneck,High Risk (Score: 65.3): High administrative bottleneck in processing pipeline (Workflow Bottleneck Rate: 35.3%).
2025-03,Tripura,200721,200557,164,94166,1048,1048,130825,68848,128032,0.6518,0.0052,0.343,0.3482,0.4639,0.5309,0.9889,-0.2452,126984,0.9984,0,40.33,Attention,0.4033,40.33,Attention,Administrative Bottleneck,Attention (Score: 40.3): High administrative bottleneck in processing pipeline (Workflow Bottleneck Rate: 46.4%).
2025-03,Uttar Pradesh,94166,92972,1194,94166,94166,23430,0,70736,23430,0.0,0.2488,0.7512,1.0,0.7512,0.0,0.7512,1.0033,0,0.9746,0,0.06,Normal,0.0006,0.06,Normal,Normal Workflow,Normal administrative progression (Risk Score: 0.1). Features align with standard state baselines.
2025-03,Uttarakhand,6678,3587,3091,6678,1022,1022,0,6493,185,0.0,0.153,0.9723,1.0,0.847,0.0,0.847,1.6795,0,0.0743,1,43.33,Attention,0.4333,43.33,Attention,Data Discrepancy,Attention (Score: 43.3): Operational data contradiction flagged. Official counts show mathematical inconsistency across claims received vs approved/rejected totals.
2025-03,West Bengal,142081,131962,10119,0,0,0,45494,96587,45130,0.3202,0.0,0.6798,0.6798,0.0,1.0,0.0,0.7849,45130,0.8576,0,28.4,Normal,0.284,28.4,Normal,Normal Workflow,Normal administrative progression (Risk Score: 28.4). Features align with standard state baselines.
2025-04,Andhra Pradesh,288392,285098,3294,288392,288392,228473,1509,58410,228473,0.0052,0.7922,0.2025,0.9948,0.2078,0.0,0.2078,-0.6763,11,0.9772,0,14.95,Normal,0.1495,14.95,Normal,Normal Workflow,Normal administrative progression (Risk Score: 14.9). Features align with standard state baselines.
2025-04,Assam,155011,148965,6046,0,0,0,155011,0,58802,1.0,0.0,0.0,0.0,0.0,1.0,0.0,-1.3026,0,0.922,0,30.46,Normal,0.3046,30.46,Normal,Normal Workflow,Normal administrative progression (Risk Score: 30.5). Features align with standard state baselines.
2025-04,Bihar,4696,4696,0,4696,4696,4696,0,4496,191,0.0,1.0,0.9574,1.0,0.0,0.0,0.0,1.6587,0,1.0,1,25.31,Normal,0.2531,25.31,Normal,Normal Workflow,Normal administrative progression (Risk Score: 25.3). Features align with standard state baselines.
2025-04,Chhattisgarh,947479,890220,57259,947479,947479,534068,6624,406787,534068,0.007,0.5637,0.4293,0.993,0.4363,0.0,0.4363,0.0252,0,0.8791,0,72.67,High Risk,0.7267,72.67,High Risk,Administrative Bottleneck,High Risk (Score: 72.7): High administrative bottleneck in processing pipeline (Workflow Bottleneck Rate: 43.6%).
2025-04,Goa,10136,9757,379,4660,2742,2098,7859,179,871,0.7754,0.207,0.0177,0.2246,0.2528,0.5403,0.5498,-1.2479,-2,0.9252,0,25.88,Normal,0.2588,25.88,Normal,Normal Workflow,Normal administrative progression (Risk Score: 25.9). Features align with standard state baselines.
2025-04,Gujarat,190056,182869,7187,186192,119410,103503,84222,2331,103503,0.4431,0.5446,0.0123,0.5569,0.4351,0.0203,0.4441,-1.2646,0,0.9244,0,13.07,Normal,0.1307,13.07,Normal,Normal Workflow,Normal administrative progression (Risk Score: 13.1). Features align with standard state baselines.
2025-04,Himachal Pradesh,5566,4883,683,5566,5566,808,4704,54,808,0.8451,0.1452,0.0097,0.1549,0.8548,0.0,0.8548,-1.2726,0,0.7546,0,12.35,Normal,0.1235,12.35,Normal,Normal Workflow,Normal administrative progression (Risk Score: 12.3). Features align with standard state baselines.
2025-04,J&K,46090,33233,12857,0,0,0,6166,39924,6020,0.1338,0.0,0.8662,0.8662,0.0,1.0,0.0,1.3766,6020,0.4421,0,21.73,Normal,0.2173,21.73,Normal,Normal Workflow,Normal administrative progression (Risk Score: 21.7). Features align with standard state baselines.
2025-04,Jharkhand,110756,107032,3724,5566,2531,2531,80118,28107,61970,0.7234,0.0229,0.2538,0.2766,0.0274,0.9497,0.5453,-0.5176,0,0.9328,0,17.53,Normal,0.1753,17.53,Normal,Normal Workflow,Normal administrative progression (Risk Score: 17.5). Features align with standard state baselines.
2025-04,Karnataka,294489,288549,5940,294489,294489,16326,24894,253269,16326,0.0845,0.0554,0.86,0.9155,0.9446,0.0,0.9446,1.3574,-15911,0.9597,0,39.05,Normal,0.3905,39.05,Normal,Normal Workflow,Normal administrative progression (Risk Score: 39.0). Features align with standard state baselines.
2025-04,Kerala,45469,44455,1014,40480,30801,29851,2624,12994,29481,0.0577,0.6565,0.2858,0.9423,0.2338,0.1097,0.2626,-0.4186,2624,0.9554,0,6.45,Normal,0.0645,6.45,Normal,Normal Workflow,Normal administrative progression (Risk Score: 6.5). Features align with standard state baselines.
2025-04,Madhya Pradesh,627513,585326,42187,627513,627513,294877,10229,322407,294877,0.0163,0.4699,0.5138,0.9837,0.5301,0.0,0.5301,0.2866,0,0.8655,0,35.42,Normal,0.3542,35.42,Normal,Normal Workflow,Normal administrative progression (Risk Score: 35.4). Features align with standard state baselines.
2025-04,Maharashtra,409156,397897,11259,374165,174066,174066,62459,172631,208335,0.1527,0.4254,0.4219,0.8473,0.4891,0.0855,0.5348,0.0023,0,0.945,0,22.38,Normal,0.2238,22.38,Normal,Normal Workflow,Normal administrative progression (Risk Score: 22.4). Features align with standard state baselines.
2025-04,Odisha,724392,691948,32444,576206,494969,479359,100397,144636,470251,0.1386,0.6617,0.1997,0.8614,0.1337,0.2046,0.1681,-0.685,-407635,0.9104,0,79.75,High Risk,0.7975,79.75,High Risk,Imbalanced Filing,High Risk (Score: 79.8): High structural imbalance between individual and community claim processing.
2025-04,Rajasthan,118375,113162,5213,76333,63849,51766,688,65921,51766,0.0058,0.4373,0.5569,0.9942,0.2075,0.3552,0.3218,0.4199,0,0.9119,0,5.21,Normal,0.0521,5.21,Normal,Normal Workflow,Normal administrative progression (Risk Score: 5.2). Features align with standard state baselines.
2025-04,Tamil Nadu,34667,33119,1548,27582,16972,16568,5388,12711,16508,0.1554,0.4779,0.3667,0.8446,0.3177,0.2044,0.3993,-0.1684,0,0.9107,0,6.02,Normal,0.0602,6.02,Normal,Normal Workflow,Normal administrative progression (Risk Score: 6.0). Features align with standard state baselines.
2025-04,Telangana,655249,651822,3427,231456,231456,231456,329367,94426,231456,0.5027,0.3532,0.1441,0.4973,0.0,0.6468,0.0,-0.8569,-231318,0.9895,0,68.84,High Risk,0.6884,68.84,High Risk,Backlog Accumulation,"High Risk (Score: 68.8): Expanding unresolved backlog (Pending Rate: 50.3%, MoM Growth: +-231,318 claims)."
2025-04,Tripura,200721,200557,164,153257,136437,131793,80,68848,128032,0.0004,0.6566,0.343,0.9996,0.1069,0.2365,0.1401,-0.2417,-130745,0.9984,0,20.11,Normal,0.2011,20.11,Normal,Normal Workflow,Normal administrative progression (Risk Score: 20.1). Features align with standard state baselines.
2025-04,Uttar Pradesh,94166,92972,1194,94166,94166,23430,0,70736,23430,0.0,0.2488,0.7512,1.0,0.7512,0.0,0.7512,1.0209,0,0.9746,0,0.36,Normal,0.0036,0.36,Normal,Normal Workflow,Normal administrative progression (Risk Score: 0.4). Features align with standard state baselines.
2025-04,Uttarakhand,6678,3587,3091,0,0,0,185,6493,185,0.0277,0.0,0.9723,0.9723,0.0,1.0,0.0,1.7048,185,0.0743,0,20.4,Normal,0.204,20.4,Normal,Normal Workflow,Normal administrative progression (Risk Score: 20.4). Features align with standard state baselines.
2025-04,West Bengal,142081,131962,10119,52610,51897,45130,364,96587,45130,0.0026,0.3176,0.6798,0.9974,0.0526,0.6297,0.1422,0.8,-45130,0.8576,0,18.46,Normal,0.1846,18.46,Normal,Normal Workflow,Normal administrative progression (Risk Score: 18.5). Features align with standard state baselines.
2025-05,Andhra Pradesh,288392,285098,3294,288392,288392,228473,1509,58410,228473,0.0052,0.7922,0.2025,0.9948,0.2078,0.0,0.2078,-0.6807,0,0.9772,0,13.26,Normal,0.1326,13.26,Normal,Normal Workflow,Normal administrative progression (Risk Score: 13.3). Features align with standard state baselines.
2025-05,Assam,155011,148965,6046,0,0,0,155011,0,58802,1.0,0.0,0.0,0.0,0.0,1.0,0.0,-1.3028,0,0.922,0,30.53,Normal,0.3053,30.53,Normal,Normal Workflow,Normal administrative progression (Risk Score: 30.5). Features align with standard state baselines.
2025-05,Bihar,191,4696,4696,191,191,21,0,9981,4687,0.0,0.1099,1.0,1.0,0.8901,0.0,0.8901,1.769,0,0.0,1,51.02,Attention,0.5102,51.02,Attention,Data Discrepancy,Attention (Score: 51.0): Operational data contradiction flagged. Official counts show mathematical inconsistency across claims received vs approved/rejected totals.
2025-05,Chhattisgarh,947479,890220,57259,843086,841839,534521,6171,406787,534068,0.0065,0.5642,0.4293,0.9935,0.3257,0.1102,0.366,0.0159,-453,0.8791,0,64.49,Attention,0.6449,64.49,Attention,Administrative Bottleneck,Attention (Score: 64.5): High administrative bottleneck in processing pipeline (Workflow Bottleneck Rate: 32.6%).
2025-05,Goa,10136,9757,379,4863,3423,2161,7528,447,871,0.7427,0.2132,0.0441,0.2573,0.2666,0.5202,0.5556,-1.1673,-331,0.9252,0,23.6,Normal,0.236,23.6,Normal,Normal Workflow,Normal administrative progression (Risk Score: 23.6). Features align with standard state baselines.
2025-05,Gujarat,190242,183055,7187,186192,119410,103524,84387,2331,103524,0.4436,0.5442,0.0123,0.5564,0.4345,0.0213,0.444,-1.265,165,0.9244,0,10.13,Normal,0.1013,10.13,Normal,Normal Workflow,Normal administrative progression (Risk Score: 10.1). Features align with standard state baselines.
2025-05,Himachal Pradesh,5566,4883,683,5566,5566,808,4704,54,808,0.8451,0.1452,0.0097,0.1549,0.8548,0.0,0.8548,-1.273,0,0.7546,0,12.35,Normal,0.1235,12.35,Normal,Normal Workflow,Normal administrative progression (Risk Score: 12.3). Features align with standard state baselines.
2025-05,J&K,46090,33233,12857,0,0,0,6166,39924,6020,0.1338,0.0,0.8662,0.8662,0.0,1.0,0.0,1.358,0,0.4421,0,20.26,Normal,0.2026,20.26,Normal,Normal Workflow,Normal administrative progression (Risk Score: 20.3). Features align with standard state baselines.
2025-05,Jharkhand,110756,107032,3724,63596,59930,59866,22783,28107,61970,0.2057,0.5405,0.2538,0.7943,0.0337,0.4258,0.0587,-0.5232,-57335,0.9328,0,19.36,Normal,0.1936,19.36,Normal,Normal Workflow,Normal administrative progression (Risk Score: 19.4). Features align with standard state baselines.
2025-05,Karnataka,294489,288549,5940,113013,17577,16326,24894,253269,16326,0.0845,0.0554,0.86,0.9155,0.3283,0.6162,0.8555,1.3389,0,0.9597,0,35.83,Normal,0.3583,35.83,Normal,Normal Workflow,Normal administrative progression (Risk Score: 35.8). Features align with standard state baselines.
2025-05,Kerala,45469,44455,1014,42187,30492,29661,2973,12835,29704,0.0654,0.6523,0.2823,0.9346,0.2755,0.0722,0.2969,-0.4356,349,0.9554,0,6.28,Normal,0.0628,6.28,Normal,Normal Workflow,Normal administrative progression (Risk Score: 6.3). Features align with standard state baselines.
2025-05,Madhya Pradesh,627513,585326,42187,627513,627513,294877,10229,322407,294877,0.0163,0.4699,0.5138,0.9837,0.5301,0.0,0.5301,0.2755,0,0.8655,0,33.34,Normal,0.3334,33.34,Normal,Normal Workflow,Normal administrative progression (Risk Score: 33.3). Features align with standard state baselines.
2025-05,Maharashtra,409156,397897,11259,374165,174066,174066,62459,172631,208335,0.1527,0.4254,0.4219,0.8473,0.4891,0.0855,0.5348,-0.0068,0,0.945,0,22.38,Normal,0.2238,22.38,Normal,Normal Workflow,Normal administrative progression (Risk Score: 22.4). Features align with standard state baselines.
2025-05,Odisha,736172,701148,35024,12503,11986,11976,579560,144636,470899,0.7873,0.0163,0.1965,0.2127,0.0007,0.983,0.0421,-0.6992,479163,0.9048,0,82.53,High Risk,0.8253,82.53,High Risk,Backlog Accumulation,"High Risk (Score: 82.5): Expanding unresolved backlog (Pending Rate: 78.7%, MoM Growth: +479,163 claims)."
2025-05,Rajasthan,118375,113162,5213,34667,4609,4609,47845,65921,51766,0.4042,0.0389,0.5569,0.5958,0.2539,0.7071,0.867,0.4079,47157,0.9119,0,23.55,Normal,0.2355,23.55,Normal,Normal Workflow,Normal administrative progression (Risk Score: 23.6). Features align with standard state baselines.
2025-05,Tamil Nadu,34667,33119,1548,34667,34667,16508,5448,12711,16508,0.1572,0.4762,0.3667,0.8428,0.5238,0.0,0.5238,-0.1764,60,0.9107,0,2.19,Normal,0.0219,2.19,Normal,Normal Workflow,Normal administrative progression (Risk Score: 2.2). Features align with standard state baselines.
2025-05,Telangana,655249,651822,3427,721,721,721,560102,94426,231456,0.8548,0.0011,0.1441,0.1452,0.0,0.9989,0.0,-0.8601,230735,0.9895,0,58.19,Attention,0.5819,58.19,Attention,Backlog Accumulation,"Attention (Score: 58.2): Expanding unresolved backlog (Pending Rate: 85.5%, MoM Growth: +230,735 claims)."
2025-05,Tripura,200721,200557,164,153257,136437,131793,80,68848,128032,0.0004,0.6566,0.343,0.9996,0.1069,0.2365,0.1401,-0.2492,0,0.9984,0,14.45,Normal,0.1445,14.45,Normal,Normal Workflow,Normal administrative progression (Risk Score: 14.4). Features align with standard state baselines.
2025-05,Uttar Pradesh,94166,92972,1194,94166,94166,23430,0,70736,23430,0.0,0.2488,0.7512,1.0,0.7512,0.0,0.7512,1.0047,0,0.9746,0,0.12,Normal,0.0012,0.12,Normal,Normal Workflow,Normal administrative progression (Risk Score: 0.1). Features align with standard state baselines.
2025-05,Uttarakhand,6678,3587,3091,0,0,0,185,6493,185,0.0277,0.0,0.9723,0.9723,0.0,1.0,0.0,1.6839,0,0.0743,0,19.2,Normal,0.192,19.2,Normal,Normal Workflow,Normal administrative progression (Risk Score: 19.2). Features align with standard state baselines.
2025-05,West Bengal,142081,131962,10119,52610,51897,45130,364,96587,45130,0.0026,0.3176,0.6798,0.9974,0.0526,0.6297,0.1422,0.7854,0,0.8576,0,14.23,Normal,0.1423,14.23,Normal,Normal Workflow,Normal administrative progression (Risk Score: 14.2). Features align with standard state baselines.
2025-06,Andhra Pradesh,288392,285098,3294,288392,288392,228473,1509,58410,228473,0.0052,0.7922,0.2025,0.9948,0.2078,0.0,0.2078,-0.7066,0,0.9772,0,13.34,Normal,0.1334,13.34,Normal,Normal Workflow,Normal administrative progression (Risk Score: 13.3). Features align with standard state baselines.
2025-06,Assam,155011,148965,6046,155011,0,0,155011,0,58802,1.0,0.0,0.0,0.0,1.0,0.0,1.0,-1.339,0,0.922,0,30.45,Normal,0.3045,30.45,Normal,Normal Workflow,Normal administrative progression (Risk Score: 30.4). Features align with standard state baselines.
2025-06,Bihar,4696,4696,0,4696,200,191,0,4687,4496,0.0,0.0407,0.9981,1.0,0.9593,0.0,0.9593,1.778,0,1.0,1,33.61,Normal,0.3361,33.61,Normal,Normal Workflow,Normal administrative progression (Risk Score: 33.6). Features align with standard state baselines.
2025-06,Chhattisgarh,947479,890220,57259,4802,4802,4802,535890,406787,534068,0.5656,0.0051,0.4293,0.4344,0.0,0.9949,0.0,0.0017,529719,0.8791,0,95.33,High Risk,0.9533,95.33,High Risk,Rejection Spike,High Risk (Score: 95.3): High claim rejection rate (42.9%) deviating from national monthly baseline.
2025-06,Goa,10136,9757,379,10136,10136,648,7969,1519,648,0.7862,0.0639,0.1499,0.2138,0.9361,0.0,0.9361,-0.8709,441,0.9252,0,22.08,Normal,0.2208,22.08,Normal,Normal Workflow,Normal administrative progression (Risk Score: 22.1). Features align with standard state baselines.
2025-06,Gujarat,190242,183055,7187,186192,3467,3467,184444,2331,103524,0.9695,0.0182,0.0123,0.0305,0.9605,0.0213,0.9814,-1.3006,100057,0.9244,0,45.99,Attention,0.4599,45.99,Attention,Administrative Bottleneck,Attention (Score: 46.0): High administrative bottleneck in processing pipeline (Workflow Bottleneck Rate: 96.0%).
2025-06,Himachal Pradesh,5566,4883,683,5566,5566,808,4704,54,808,0.8451,0.1452,0.0097,0.1549,0.8548,0.0,0.8548,-1.3088,0,0.7546,0,12.32,Normal,0.1232,12.32,Normal,Normal Workflow,Normal administrative progression (Risk Score: 12.3). Features align with standard state baselines.
2025-06,J&K,46090,33233,12857,46090,46090,6020,146,39924,6020,0.0032,0.1306,0.8662,0.9968,0.8694,0.0,0.8694,1.3661,-6020,0.4421,0,19.84,Normal,0.1984,19.84,Normal,Normal Workflow,Normal administrative progression (Risk Score: 19.8). Features align with standard state baselines.
2025-06,Jharkhand,110756,107032,3724,392,208,146,82503,28107,61970,0.7449,0.0013,0.2538,0.2551,0.0022,0.9965,0.6276,-0.5464,59720,0.9328,0,25.34,Normal,0.2534,25.34,Normal,Normal Workflow,Normal administrative progression (Risk Score: 25.3). Features align with standard state baselines.
2025-06,Karnataka,294489,288549,5940,110442,2571,2571,38649,253269,16326,0.1312,0.0087,0.86,0.8688,0.3663,0.625,0.9767,1.3468,13755,0.9597,0,44.24,Attention,0.4424,44.24,Attention,Administrative Bottleneck,Attention (Score: 44.2): High administrative bottleneck in processing pipeline (Workflow Bottleneck Rate: 36.6%).
2025-06,Kerala,45469,44455,1014,730,555,438,32196,12835,29704,0.7081,0.0096,0.2823,0.2919,0.0064,0.9839,0.4,-0.4574,29223,0.9554,0,21.35,Normal,0.2135,21.35,Normal,Normal Workflow,Normal administrative progression (Risk Score: 21.4). Features align with standard state baselines.
2025-06,Madhya Pradesh,627513,585326,42187,627513,627513,294877,10229,322407,294877,0.0163,0.4699,0.5138,0.9837,0.5301,0.0,0.5301,0.2656,0,0.8655,0,32.87,Normal,0.3287,32.87,Normal,Normal Workflow,Normal administrative progression (Risk Score: 32.9). Features align with standard state baselines.
2025-06,Maharashtra,409156,397897,11259,42187,42187,29996,206529,172631,208335,0.5048,0.0733,0.4219,0.4952,0.0298,0.8969,0.289,-0.0214,144070,0.945,0,58.19,Attention,0.5819,58.19,Attention,Rejection Spike,Attention (Score: 58.2): High claim rejection rate (42.2%) deviating from national monthly baseline.
2025-06,Odisha,766365,730908,35457,363117,12557,12557,607941,145867,471868,0.7933,0.0164,0.1903,0.2067,0.4574,0.5262,0.9654,-0.7447,28381,0.9075,0,85.75,High Risk,0.8575,85.75,High Risk,Administrative Bottleneck,High Risk (Score: 85.8): High administrative bottleneck in processing pipeline (Workflow Bottleneck Rate: 45.7%).
2025-06,Rajasthan,118375,113162,5213,118375,4609,3251,49203,65921,51766,0.4157,0.0275,0.5569,0.5843,0.9725,0.0,0.9725,0.4002,1358,0.9119,0,24.67,Normal,0.2467,24.67,Normal,Normal Workflow,Normal administrative progression (Risk Score: 24.7). Features align with standard state baselines.
2025-06,Tamil Nadu,34667,33119,1548,34667,34667,16508,5448,12711,16508,0.1572,0.4762,0.3667,0.8428,0.5238,0.0,0.5238,-0.1938,0,0.9107,0,2.19,Normal,0.0219,2.19,Normal,Normal Workflow,Normal administrative progression (Risk Score: 2.2). Features align with standard state baselines.
2025-06,Telangana,655249,651822,3427,16972,16568,16508,544315,94426,231456,0.8307,0.0252,0.1441,0.1693,0.0007,0.9741,0.0273,-0.889,-15787,0.9895,0,64.52,Attention,0.6452,64.52,Attention,Backlog Accumulation,"Attention (Score: 64.5): Expanding unresolved backlog (Pending Rate: 83.1%, MoM Growth: +-15,787 claims)."
2025-06,Tripura,200721,200557,164,144,144,144,131729,68848,128032,0.6563,0.0007,0.343,0.3437,0.0,0.9993,0.0,-0.2679,131649,0.9984,0,35.72,Normal,0.3572,35.72,Normal,Normal Workflow,Normal administrative progression (Risk Score: 35.7). Features align with standard state baselines.
2025-06,Uttar Pradesh,94166,92972,1194,94166,94166,23430,0,70736,23430,0.0,0.2488,0.7512,1.0,0.7512,0.0,0.7512,1.007,0,0.9746,0,0.12,Normal,0.0012,0.12,Normal,Normal Workflow,Normal administrative progression (Risk Score: 0.1). Features align with standard state baselines.
2025-06,Uttarakhand,6678,3587,3091,0,0,0,185,6493,185,0.0277,0.0,0.9723,0.9723,0.0,1.0,0.0,1.6975,0,0.0743,0,18.85,Normal,0.1885,18.85,Normal,Normal Workflow,Normal administrative progression (Risk Score: 18.9). Features align with standard state baselines.
2025-06,West Bengal,142081,131962,10119,1022,845,686,44808,96587,45130,0.3154,0.0048,0.6798,0.6846,0.0024,0.9928,0.3288,0.784,44444,0.8576,0,25.22,Normal,0.2522,25.22,Normal,Normal Workflow,Normal administrative progression (Risk Score: 25.2). Features align with standard state baselines.
2025-07,Andhra Pradesh,288392,285098,3294,288392,288392,228473,1509,58410,228473,0.0052,0.7922,0.2025,0.9948,0.2078,0.0,0.2078,-0.6924,0,0.9772,0,13.2,Normal,0.132,13.2,Normal,Normal Workflow,Normal administrative progression (Risk Score: 13.2). Features align with standard state baselines.
2025-07,Assam,155011,148965,6046,155011,0,0,155011,0,58802,1.0,0.0,0.0,0.0,1.0,0.0,1.0,-1.3154,0,0.922,0,29.95,Normal,0.2995,29.95,Normal,Normal Workflow,Normal administrative progression (Risk Score: 29.9). Features align with standard state baselines.
2025-07,Bihar,191,4696,4696,191,191,191,0,4687,4496,0.0,1.0,1.0,1.0,0.0,0.0,0.0,1.7611,0,0.0,1,34.92,Normal,0.3492,34.92,Normal,Normal Workflow,Normal administrative progression (Risk Score: 34.9). Features align with standard state baselines.
2025-07,Chhattisgarh,947479,890220,57259,4696,200,200,540492,406787,534068,0.5705,0.0002,0.4293,0.4295,0.0047,0.995,0.9574,0.0053,4602,0.8791,0,91.24,High Risk,0.9124,91.24,High Risk,Administrative Bottleneck,High Risk (Score: 91.2): High administrative bottleneck in processing pipeline (Workflow Bottleneck Rate: 0.5%).
2025-07,Goa,10136,9757,379,4802,4802,3467,5718,951,871,0.5641,0.342,0.0938,0.4359,0.1317,0.5262,0.278,-1.0268,-2251,0.9252,0,19.01,Normal,0.1901,19.01,Normal,Normal Workflow,Normal administrative progression (Risk Score: 19.0). Features align with standard state baselines.
2025-07,Gujarat,190242,183055,7187,186192,119410,4792,183119,2331,103524,0.9626,0.0252,0.0123,0.0374,0.9535,0.0213,0.9743,-1.2776,-1325,0.9244,0,46.13,Attention,0.4613,46.13,Attention,Administrative Bottleneck,Attention (Score: 46.1): High administrative bottleneck in processing pipeline (Workflow Bottleneck Rate: 95.3%).
2025-07,Himachal Pradesh,5664,4981,683,5664,5664,901,4709,54,901,0.8314,0.1591,0.0095,0.1686,0.8409,0.0,0.8409,-1.2862,5,0.7588,0,13.88,Normal,0.1388,13.88,Normal,Normal Workflow,Normal administrative progression (Risk Score: 13.9). Features align with standard state baselines.
2025-07,J&K,46090,33233,12857,3090,3090,3090,3076,39924,6020,0.0667,0.067,0.8662,0.9333,0.0,0.933,0.0,1.3495,2930,0.4421,0,30.72,Normal,0.3072,30.72,Normal,Normal Workflow,Normal administrative progression (Risk Score: 30.7). Features align with standard state baselines.
2025-07,Jharkhand,110756,107032,3724,5664,2531,2531,80118,28107,61970,0.7234,0.0229,0.2538,0.2766,0.0283,0.9489,0.5531,-0.5346,-2385,0.9328,0,17.99,Normal,0.1799,17.99,Normal,Normal Workflow,Normal administrative progression (Risk Score: 18.0). Features align with standard state baselines.
2025-07,Karnataka,295176,289236,5940,295176,295176,16700,16097,262379,16700,0.0545,0.0566,0.8889,0.9455,0.9434,0.0,0.9434,1.4193,-22552,0.9598,0,35.42,Normal,0.3542,35.42,Normal,Normal Workflow,Normal administrative progression (Risk Score: 35.4). Features align with standard state baselines.
2025-07,Kerala,45469,44455,1014,45469,1470,1470,31164,12835,29704,0.6854,0.0323,0.2823,0.3146,0.9677,0.0,0.9677,-0.4469,-1032,0.9554,0,18.33,Normal,0.1833,18.33,Normal,Normal Workflow,Normal administrative progression (Risk Score: 18.3). Features align with standard state baselines.
2025-07,Madhya Pradesh,627513,585326,42187,627513,627513,294877,10229,322407,294877,0.0163,0.4699,0.5138,0.9837,0.5301,0.0,0.5301,0.2653,0,0.8655,0,32.8,Normal,0.328,32.8,Normal,Normal Workflow,Normal administrative progression (Risk Score: 32.8). Features align with standard state baselines.
2025-07,Maharashtra,409156,397897,11259,11048,9299,9299,227226,172631,208335,0.5554,0.0227,0.4219,0.4446,0.0043,0.973,0.1583,-0.0174,20697,0.945,0,46.74,Attention,0.4674,46.74,Attention,Rejection Spike,Attention (Score: 46.7): High claim rejection rate (42.2%) deviating from national monthly baseline.
2025-07,Odisha,768373,732530,35843,768373,768373,472119,149914,146340,472119,0.1951,0.6144,0.1905,0.8049,0.3856,0.0,0.3856,-0.7293,-458027,0.9067,0,78.41,High Risk,0.7841,78.41,High Risk,Administrative Bottleneck,High Risk (Score: 78.4): High administrative bottleneck in processing pipeline (Workflow Bottleneck Rate: 38.6%).
2025-07,Rajasthan,118375,113162,5213,118375,12630,12113,40341,65921,51766,0.3408,0.1023,0.5569,0.6592,0.8977,0.0,0.8977,0.3979,-8862,0.9119,0,19.12,Normal,0.1912,19.12,Normal,Normal Workflow,Normal administrative progression (Risk Score: 19.1). Features align with standard state baselines.
2025-07,Tamil Nadu,34667,33119,1548,1349,1349,1349,20607,12711,16508,0.5944,0.0389,0.3667,0.4056,0.0,0.9611,0.0,-0.1872,15159,0.9107,0,25.64,Normal,0.2564,25.64,Normal,Normal Workflow,Normal administrative progression (Risk Score: 25.6). Features align with standard state baselines.
2025-07,Telangana,655249,651822,3427,655249,655249,231456,329367,94426,231456,0.5027,0.3532,0.1441,0.4973,0.6468,0.0,0.6468,-0.8721,-214948,0.9895,0,64.21,Attention,0.6421,64.21,Attention,Administrative Bottleneck,Attention (Score: 64.2): High administrative bottleneck in processing pipeline (Workflow Bottleneck Rate: 64.7%).
2025-07,Tripura,200721,200557,164,200721,144,144,131729,68848,128032,0.6563,0.0007,0.343,0.3437,0.9993,0.0,0.9993,-0.2602,0,0.9984,0,38.77,Normal,0.3877,38.77,Normal,Normal Workflow,Normal administrative progression (Risk Score: 38.8). Features align with standard state baselines.
2025-07,Uttar Pradesh,94166,92972,1194,94166,94166,23430,0,70736,23430,0.0,0.2488,0.7512,1.0,0.7512,0.0,0.7512,0.9957,0,0.9746,0,0.36,Normal,0.0036,0.36,Normal,Normal Workflow,Normal administrative progression (Risk Score: 0.4). Features align with standard state baselines.
2025-07,Uttarakhand,6678,3587,3091,1048,1048,1048,0,6493,185,0.0,0.1569,0.9723,1.0,0.0,0.8431,0.0,1.6759,-185,0.0743,1,44.18,Attention,0.4418,44.18,Attention,Data Discrepancy,Attention (Score: 44.2): Operational data contradiction flagged. Official counts show mathematical inconsistency across claims received vs approved/rejected totals.
2025-07,West Bengal,142081,131962,10119,23430,0,0,45494,96587,45130,0.3202,0.0,0.6798,0.6798,0.1649,0.8351,1.0,0.776,686,0.8576,0,31.62,Normal,0.3162,31.62,Normal,Normal Workflow,Normal administrative progression (Risk Score: 31.6). Features align with standard state baselines.
2025-08,Andhra Pradesh,288409,285115,3294,288409,288409,228489,1525,58395,228489,0.0053,0.7922,0.2025,0.9947,0.2078,0.0,0.2078,-0.8027,16,0.9772,0,14.65,Normal,0.1465,14.65,Normal,Normal Workflow,Normal administrative progression (Risk Score: 14.7). Features align with standard state baselines.
2025-08,Assam,155011,148965,6046,155011,0,0,155011,0,58802,1.0,0.0,0.0,0.0,1.0,0.0,1.0,-1.2698,0,0.922,0,30.99,Normal,0.3099,30.99,Normal,Normal Workflow,Normal administrative progression (Risk Score: 31.0). Features align with standard state baselines.
2025-08,Bihar,191,4696,4696,0,0,0,0,9981,4687,0.0,0.0,1.0,1.0,0.0,1.0,0.0,1.0366,0,0.0,1,44.19,Attention,0.4419,44.19,Attention,Data Discrepancy,Attention (Score: 44.2): Operational data contradiction flagged. Official counts show mathematical inconsistency across claims received vs approved/rejected totals.
2025-08,Chhattisgarh,0,0,0,0,0,0,0,0,0,0.0,0.0,0.0,0.0,0.0,0.0,0.0,-1.2698,-540492,0.0,0,68.31,High Risk,0.6831,68.31,High Risk,Volume Anomaly,High Risk (Score: 68.3): Outlier pattern detected in overall claim volume or disposition rates.
2025-08,Goa,947479,890220,57259,10136,10136,4883,535809,406787,534068,0.5655,0.0052,0.4293,0.4345,0.0055,0.9893,0.5183,-0.2797,530091,0.8791,0,95.73,High Risk,0.9573,95.73,High Risk,Administrative Bottleneck,High Risk (Score: 95.7): High administrative bottleneck in processing pipeline (Workflow Bottleneck Rate: 0.5%).
2025-08,Gujarat,10136,9757,379,5664,5664,3076,6109,951,871,0.6027,0.3035,0.0938,0.3973,0.2553,0.4412,0.4569,-1.0534,-177010,0.9252,0,22.97,Normal,0.2297,22.97,Normal,Normal Workflow,Normal administrative progression (Risk Score: 23.0). Features align with standard state baselines.
2025-08,Himachal Pradesh,190242,183055,7187,190242,190242,103524,84387,2331,103524,0.4436,0.5442,0.0123,0.5564,0.4558,0.0,0.4558,-1.2414,79678,0.9244,0,22.28,Normal,0.2228,22.28,Normal,Normal Workflow,Normal administrative progression (Risk Score: 22.3). Features align with standard state baselines.
2025-08,J&K,46090,33233,12857,46090,46090,6020,146,39924,6020,0.0032,0.1306,0.8662,0.9968,0.8694,0.0,0.8694,0.728,-2930,0.4421,0,20.58,Normal,0.2058,20.58,Normal,Normal Workflow,Normal administrative progression (Risk Score: 20.6). Features align with standard state baselines.
2025-08,Jharkhand,5664,4981,683,5664,5664,5664,0,54,901,0.0,1.0,0.0095,1.0,0.0,0.0,0.0,-1.2479,-80118,0.7588,1,42.65,Attention,0.4265,42.65,Attention,Data Discrepancy,Attention (Score: 42.6): Operational data contradiction flagged. Official counts show mathematical inconsistency across claims received vs approved/rejected totals.
2025-08,Karnataka,110756,107032,3724,110756,110756,61970,20679,28107,61970,0.1867,0.5595,0.2538,0.8133,0.4405,0.0,0.4405,-0.6844,4582,0.9328,0,7.65,Normal,0.0765,7.65,Normal,Normal Workflow,Normal administrative progression (Risk Score: 7.7). Features align with standard state baselines.
2025-08,Kerala,5940,289236,44455,5940,5940,5940,0,16700,1345,0.0,1.0,1.0,1.0,0.0,0.0,0.0,1.0366,-31164,1.0,1,32.17,Normal,0.3217,32.17,Normal,Normal Workflow,Normal administrative progression (Risk Score: 32.2). Features align with standard state baselines.
2025-08,Madhya Pradesh,45469,585326,1014,45469,45469,29704,2930,12835,29704,0.0644,0.6533,0.2823,0.9356,0.3467,0.0,0.3467,-0.6187,-7299,1.0,1,42.75,Attention,0.4275,42.75,Attention,Data Discrepancy,Attention (Score: 42.8): Operational data contradiction flagged. Official counts show mathematical inconsistency across claims received vs approved/rejected totals.
2025-08,Maharashtra,11259,397897,42187,11259,11259,11259,0,27976,266901,0.0,1.0,1.0,1.0,0.0,0.0,0.0,1.0366,-227226,1.0,1,52.04,Attention,0.5204,52.04,Attention,Data Discrepancy,Attention (Score: 52.0): Operational data contradiction flagged. Official counts show mathematical inconsistency across claims received vs approved/rejected totals.
2025-08,Odisha,8668,36059,199667,8668,8668,8668,0,9311,380966,0.0,1.0,1.0,1.0,0.0,0.0,0.0,1.0366,-149914,1.0,1,55.62,Attention,0.5562,55.62,Attention,Data Discrepancy,Attention (Score: 55.6): Operational data contradiction flagged. Official counts show mathematical inconsistency across claims received vs approved/rejected totals.
2025-08,Rajasthan,5213,113162,732647,5213,5213,5213,0,9194,463284,0.0,1.0,1.0,1.0,0.0,0.0,0.0,1.0366,-40341,1.0,1,73.14,High Risk,0.7314,73.14,High Risk,Data Discrepancy,High Risk (Score: 73.1): Operational data contradiction flagged. Official counts show mathematical inconsistency across claims received vs approved/rejected totals.
2025-08,Tamil Nadu,34667,33119,1548,1349,1274,1097,0,65921,51766,0.0,0.0316,1.0,1.0,0.0073,0.9611,0.1868,1.0366,-20607,0.9107,1,44.24,Attention,0.4424,44.24,Attention,Data Discrepancy,Attention (Score: 44.2): Operational data contradiction flagged. Official counts show mathematical inconsistency across claims received vs approved/rejected totals.
2025-08,Telangana,655249,651822,3427,655249,721,721,653807,721,1066,0.9978,0.0011,0.0011,0.0022,0.9989,0.0,0.9989,-1.2672,324440,0.9895,0,83.78,High Risk,0.8378,83.78,High Risk,Administrative Bottleneck,High Risk (Score: 83.8): High administrative bottleneck in processing pipeline (Workflow Bottleneck Rate: 99.9%).
2025-08,Tripura,200721,200557,164,200721,200721,128032,0,231456,128032,0.0,0.6379,1.0,1.0,0.3621,0.0,0.3621,1.0366,-131729,0.9984,1,56.83,Attention,0.5683,56.83,Attention,Data Discrepancy,Attention (Score: 56.8): Operational data contradiction flagged. Official counts show mathematical inconsistency across claims received vs approved/rejected totals.
2025-08,Uttar Pradesh,94166,92972,1194,94166,94166,23430,1888,68848,23430,0.02,0.2488,0.7311,0.98,0.7512,0.0,0.7512,0.4164,1888,0.9746,0,9.78,Normal,0.0978,9.78,Normal,Normal Workflow,Normal administrative progression (Risk Score: 9.8). Features align with standard state baselines.
2025-08,Uttarakhand,6678,3587,3091,6678,1048,861,0,70736,185,0.0,0.1289,1.0,1.0,0.8711,0.0,0.8711,1.0366,0,0.0743,1,39.2,Normal,0.392,39.2,Normal,Normal Workflow,Normal administrative progression (Risk Score: 39.2). Features align with standard state baselines.
2025-08,West Bengal,142081,131962,10119,0,0,0,45494,96587,45130,0.3202,0.0,0.6798,0.6798,0.0,1.0,0.0,0.2981,0,0.8576,0,24.36,Normal,0.2436,24.36,Normal,Normal Workflow,Normal administrative progression (Risk Score: 24.4). Features align with standard state baselines.
2025-09,Andhra Pradesh,288409,285115,3294,288409,288409,228489,1525,58395,228489,0.0053,0.7922,0.2025,0.9947,0.2078,0.0,0.2078,-0.4448,0,0.9772,0,11.71,Normal,0.1171,11.71,Normal,Normal Workflow,Normal administrative progression (Risk Score: 11.7). Features align with standard state baselines.
2025-09,Assam,155011,148965,6046,155011,155011,1822,153189,0,58802,0.9882,0.0118,0.0,0.0118,0.9882,0.0,0.9882,-1.0107,-1822,0.922,0,43.94,Attention,0.4394,43.94,Attention,Administrative Bottleneck,Attention (Score: 43.9): High administrative bottleneck in processing pipeline (Workflow Bottleneck Rate: 98.8%).
2025-09,Bihar,4696,4696,4696,4696,0,0,4505,191,0,0.9593,0.0,0.0407,0.0407,1.0,0.0,1.0,-0.8969,4505,0.0,1,70.82,High Risk,0.7082,70.82,High Risk,Data Discrepancy,High Risk (Score: 70.8): Operational data contradiction flagged. Official counts show mathematical inconsistency across claims received vs approved/rejected totals.
2025-09,Chhattisgarh,57259,890220,4696,57259,57259,191,56877,191,191,0.9933,0.0033,0.0033,0.0067,0.9967,0.0,0.9967,-1.0014,56877,1.0,1,82.17,High Risk,0.8217,82.17,High Risk,Data Discrepancy,High Risk (Score: 82.2): Operational data contradiction flagged. Official counts show mathematical inconsistency across claims received vs approved/rejected totals.
2025-09,Goa,10346,9958,388,10346,10346,10346,0,534068,19,0.0,1.0,1.0,1.0,0.0,0.0,0.0,1.7837,-535809,0.925,1,74.52,High Risk,0.7452,74.52,High Risk,Data Discrepancy,High Risk (Score: 74.5): Operational data contradiction flagged. Official counts show mathematical inconsistency across claims received vs approved/rejected totals.
2025-09,Gujarat,190242,183055,7187,179718,81,81,86637,103524,4792,0.4554,0.0004,0.5442,0.5446,0.9443,0.0553,0.9995,0.51,80528,0.9244,0,40.45,Attention,0.4045,40.45,Attention,Administrative Bottleneck,Attention (Score: 40.5): High administrative bottleneck in processing pipeline (Workflow Bottleneck Rate: 94.4%).
2025-09,Himachal Pradesh,5664,4981,683,5664,5664,901,4709,54,901,0.8314,0.1591,0.0095,0.1686,0.8409,0.0,0.8409,-0.9841,-79678,0.7588,0,18.85,Normal,0.1885,18.85,Normal,Normal Workflow,Normal administrative progression (Risk Score: 18.9). Features align with standard state baselines.
2025-09,J&K,0,0,0,0,0,0,0,0,0,0.0,0.0,0.0,0.0,0.0,0.0,0.0,-1.0107,-146,0.0,0,41.49,Attention,0.4149,41.49,Attention,Volume Anomaly,Attention (Score: 41.5): Outlier pattern detected in overall claim volume or disposition rates.
2025-09,Jharkhand,110756,107032,3724,3076,1558,901,81748,28107,61970,0.7381,0.0081,0.2538,0.2619,0.0196,0.9722,0.7071,-0.3014,81748,0.9328,0,26.9,Normal,0.269,26.9,Normal,Normal Workflow,Normal administrative progression (Risk Score: 26.9). Features align with standard state baselines.
2025-09,Karnataka,0,0,0,0,0,0,0,0,0,0.0,0.0,0.0,0.0,0.0,0.0,0.0,-1.0107,-20679,0.0,0,44.02,Attention,0.4402,44.02,Attention,Volume Anomaly,Attention (Score: 44.0): Outlier pattern detected in overall claim volume or disposition rates.
2025-09,Kerala,5940,289236,44455,730,555,438,0,16700,1345,0.0,0.0737,1.0,1.0,0.0492,0.8771,0.4,1.7837,0,1.0,1,63.49,Attention,0.6349,63.49,Attention,Data Discrepancy,Attention (Score: 63.5): Operational data contradiction flagged. Official counts show mathematical inconsistency across claims received vs approved/rejected totals.
2025-09,Madhya Pradesh,1014,585326,42187,1014,1014,1014,0,29422,266901,0.0,1.0,1.0,1.0,0.0,0.0,0.0,1.7837,-2930,1.0,1,57.18,Attention,0.5718,57.18,Attention,Data Discrepancy,Attention (Score: 57.2): Operational data contradiction flagged. Official counts show mathematical inconsistency across claims received vs approved/rejected totals.
2025-09,Maharashtra,409156,397897,11259,409156,42187,42187,158634,208335,8668,0.3877,0.1031,0.5092,0.6123,0.8969,0.0,0.8969,0.4122,158634,0.945,0,66.33,High Risk,0.6633,66.33,High Risk,Administrative Bottleneck,High Risk (Score: 66.3): High administrative bottleneck in processing pipeline (Workflow Bottleneck Rate: 89.7%).
2025-09,Odisha,769026,732733,36293,13434,12907,12907,609779,146340,472636,0.7929,0.0168,0.1903,0.2071,0.0007,0.9825,0.0392,-0.4789,609779,0.9056,0,89.92,High Risk,0.8992,89.92,High Risk,Backlog Accumulation,"High Risk (Score: 89.9): Expanding unresolved backlog (Pending Rate: 79.3%, MoM Growth: +609,779 claims)."
2025-09,Rajasthan,118375,113162,5213,118375,118375,51766,688,65921,51766,0.0058,0.4373,0.5569,0.9942,0.5627,0.0,0.5627,0.5455,688,0.9119,0,5.75,Normal,0.0575,5.75,Normal,Normal Workflow,Normal administrative progression (Risk Score: 5.8). Features align with standard state baselines.
2025-09,Tamil Nadu,34667,33119,1548,34667,4609,4609,17347,12711,16508,0.5004,0.133,0.3667,0.4996,0.867,0.0,0.867,0.014,17347,0.9107,0,16.31,Normal,0.1631,16.31,Normal,Normal Workflow,Normal administrative progression (Risk Score: 16.3). Features align with standard state baselines.
2025-09,Telangana,655249,651822,3427,721,721,721,560102,94426,231456,0.8548,0.0011,0.1441,0.1452,0.0,0.9989,0.0,-0.608,-93705,0.9895,0,57.06,Attention,0.5706,57.06,Attention,Backlog Accumulation,"Attention (Score: 57.1): Expanding unresolved backlog (Pending Rate: 85.5%, MoM Growth: +-93,705 claims)."
2025-09,Tripura,200721,200557,164,200721,200721,128032,3841,68848,128032,0.0191,0.6379,0.343,0.9809,0.3621,0.0,0.3621,-0.0522,3841,0.9984,0,12.35,Normal,0.1235,12.35,Normal,Normal Workflow,Normal administrative progression (Risk Score: 12.3). Features align with standard state baselines.
2025-09,Uttar Pradesh,0,0,0,0,0,0,0,0,0,0.0,0.0,0.0,0.0,0.0,0.0,0.0,-1.0107,-1888,0.0,0,40.41,Attention,0.4041,40.41,Attention,Volume Anomaly,Attention (Score: 40.4): Outlier pattern detected in overall claim volume or disposition rates.
2025-09,Uttarakhand,94166,92972,1194,0,0,0,23430,70736,23430,0.2488,0.0,0.7512,0.7512,0.0,1.0,0.0,1.0885,23430,0.9746,0,31.0,Normal,0.31,31.0,Normal,Normal Workflow,Normal administrative progression (Risk Score: 31.0). Features align with standard state baselines.
2025-09,West Bengal,142081,131962,10119,12857,1022,845,44649,96587,45130,0.3143,0.0059,0.6798,0.6857,0.0845,0.9095,0.9343,0.889,-845,0.8576,0,33.18,Normal,0.3318,33.18,Normal,Normal Workflow,Normal administrative progression (Risk Score: 33.2). Features align with standard state baselines.
2025-10,Andhra Pradesh,288409,285115,3294,288409,288409,228489,1525,58395,228489,0.0053,0.7922,0.2025,0.9947,0.2078,0.0,0.2078,-0.9937,0,0.9772,0,13.47,Normal,0.1347,13.47,Normal,Normal Workflow,Normal administrative progression (Risk Score: 13.5). Features align with standard state baselines.
2025-10,Assam,155011,148965,6046,0,0,0,155011,0,58802,1.0,0.0,0.0,0.0,0.0,1.0,0.0,-1.5608,1822,0.922,0,37.16,Normal,0.3716,37.16,Normal,Normal Workflow,Normal administrative progression (Risk Score: 37.2). Features align with standard state baselines.
2025-10,Bihar,191,4696,4696,191,191,191,0,4687,4496,0.0,1.0,1.0,1.0,0.0,0.0,0.0,1.2397,-4505,0.0,1,32.96,Normal,0.3296,32.96,Normal,Normal Workflow,Normal administrative progression (Risk Score: 33.0). Features align with standard state baselines.
2025-10,Chhattisgarh,947479,890220,57259,947479,947479,534068,6624,406787,534068,0.007,0.5637,0.4293,0.993,0.4363,0.0,0.4363,-0.3586,-50253,0.8791,0,81.57,High Risk,0.8157,81.57,High Risk,Administrative Bottleneck,High Risk (Score: 81.6): High administrative bottleneck in processing pipeline (Workflow Bottleneck Rate: 43.6%).
2025-10,Goa,1027,9958,10346,1027,1027,1027,0,2247,1201,0.0,1.0,1.0,1.0,0.0,0.0,0.0,1.2397,0,0.3778,1,28.63,Normal,0.2863,28.63,Normal,Normal Workflow,Normal administrative progression (Risk Score: 28.6). Features align with standard state baselines.
2025-10,Gujarat,190242,183055,7187,186192,119410,103524,84387,2331,103524,0.4436,0.5442,0.0123,0.5564,0.4345,0.0213,0.444,-1.5264,-2250,0.9244,0,13.58,Normal,0.1358,13.58,Normal,Normal Workflow,Normal administrative progression (Risk Score: 13.6). Features align with standard state baselines.
2025-10,Himachal Pradesh,755,4981,5664,755,755,54,0,955,54,0.0,0.0715,1.0,1.0,0.9285,0.0,0.9285,1.2397,-4709,0.9046,1,33.64,Normal,0.3364,33.64,Normal,Normal Workflow,Normal administrative progression (Risk Score: 33.6). Features align with standard state baselines.
2025-10,J&K,46090,33233,12857,46090,46090,6020,146,39924,6020,0.0032,0.1306,0.8662,0.9968,0.8694,0.0,0.8694,0.865,146,0.4421,0,18.59,Normal,0.1859,18.59,Normal,Normal Workflow,Normal administrative progression (Risk Score: 18.6). Features align with standard state baselines.
2025-10,Jharkhand,110756,107032,3724,5664,2531,2531,80118,28107,61970,0.7234,0.0229,0.2538,0.2766,0.0283,0.9489,0.5531,-0.85,-1630,0.9328,0,18.88,Normal,0.1888,18.88,Normal,Normal Workflow,Normal administrative progression (Risk Score: 18.9). Features align with standard state baselines.
2025-10,Karnataka,15355,289236,295176,15355,15355,15355,0,279079,262379,0.0,1.0,1.0,1.0,0.0,0.0,0.0,1.2397,0,0.3868,1,68.3,High Risk,0.683,68.3,High Risk,Data Discrepancy,High Risk (Score: 68.3): Operational data contradiction flagged. Official counts show mathematical inconsistency across claims received vs approved/rejected totals.
2025-10,Kerala,29422,44455,45469,29422,29422,29422,0,42668,12964,0.0,1.0,1.0,1.0,0.0,0.0,0.0,1.2397,0,0.0345,1,55.12,Attention,0.5512,55.12,Attention,Data Discrepancy,Attention (Score: 55.1): Operational data contradiction flagged. Official counts show mathematical inconsistency across claims received vs approved/rejected totals.
2025-10,Madhya Pradesh,627513,585326,42187,627513,627513,294877,10229,322407,294877,0.0163,0.4699,0.5138,0.9837,0.5301,0.0,0.5301,-0.1219,10229,0.8655,0,50.19,Attention,0.5019,50.19,Attention,Administrative Bottleneck,Attention (Score: 50.2): High administrative bottleneck in processing pipeline (Workflow Bottleneck Rate: 53.0%).
2025-10,Maharashtra,409156,397897,11259,374165,174066,174066,62459,172631,208335,0.1527,0.4254,0.4219,0.8473,0.4891,0.0855,0.5348,-0.3793,-96175,0.945,0,27.99,Normal,0.2799,27.99,Normal,Normal Workflow,Normal administrative progression (Risk Score: 28.0). Features align with standard state baselines.
2025-10,Odisha,769388,732751,36637,581801,499831,484075,138973,146340,473640,0.1806,0.6292,0.1902,0.8194,0.127,0.2438,0.168,-1.0282,-470806,0.9048,0,74.26,High Risk,0.7426,74.26,High Risk,Imbalanced Filing,High Risk (Score: 74.3): High structural imbalance between individual and community claim processing.
2025-10,Rajasthan,118375,113162,5213,76333,63849,63849,0,65921,51766,0.0,0.5394,0.5569,1.0,0.1055,0.3552,0.1635,-0.0012,-688,0.9119,1,29.44,Normal,0.2944,29.44,Normal,Normal Workflow,Normal administrative progression (Risk Score: 29.4). Features align with standard state baselines.
2025-10,Tamil Nadu,34667,33119,1548,34667,1349,1349,20607,12711,16508,0.5944,0.0389,0.3667,0.4056,0.9611,0.0,0.9611,-0.5339,3260,0.9107,0,17.49,Normal,0.1749,17.49,Normal,Normal Workflow,Normal administrative progression (Risk Score: 17.5). Features align with standard state baselines.
2025-10,Telangana,655249,651822,3427,655249,655249,231456,329367,94426,231456,0.5027,0.3532,0.1441,0.4973,0.6468,0.0,0.6468,-1.1573,-230735,0.9895,0,69.52,High Risk,0.6952,69.52,High Risk,Administrative Bottleneck,High Risk (Score: 69.5): High administrative bottleneck in processing pipeline (Workflow Bottleneck Rate: 64.7%).
2025-10,Tripura,200721,200557,164,200721,200721,128032,3841,68848,128032,0.0191,0.6379,0.343,0.9809,0.3621,0.0,0.3621,-0.6002,0,0.9984,0,12.34,Normal,0.1234,12.34,Normal,Normal Workflow,Normal administrative progression (Risk Score: 12.3). Features align with standard state baselines.
2025-10,Uttar Pradesh,94166,92972,1194,94166,94166,23430,0,70736,23430,0.0,0.2488,0.7512,1.0,0.7512,0.0,0.7512,0.5429,0,0.9746,0,4.14,Normal,0.0414,4.14,Normal,Normal Workflow,Normal administrative progression (Risk Score: 4.1). Features align with standard state baselines.
2025-10,Uttarakhand,6678,3587,3091,0,0,0,185,6493,185,0.0277,0.0,0.9723,0.9723,0.0,1.0,0.0,1.1621,-23245,0.0743,0,23.59,Normal,0.2359,23.59,Normal,Normal Workflow,Normal administrative progression (Risk Score: 23.6). Features align with standard state baselines.
2025-10,West Bengal,142081,131962,10119,1022,845,686,44808,96587,45130,0.3154,0.0048,0.6798,0.6846,0.0024,0.9928,0.3288,0.343,159,0.8576,0,21.83,Normal,0.2183,21.83,Normal,Normal Workflow,Normal administrative progression (Risk Score: 21.8). Features align with standard state baselines.
2025-11,Andhra Pradesh,288409,285115,3294,288409,288409,228489,1525,58395,228489,0.0053,0.7922,0.2025,0.9947,0.2078,0.0,0.2078,-0.7255,0,0.9772,0,9.34,Normal,0.0934,9.34,Normal,Normal Workflow,Normal administrative progression (Risk Score: 9.3). Features align with standard state baselines.
2025-11,Assam,188512,180965,7547,188512,4182,2602,169531,16379,87436,0.8993,0.0138,0.0869,0.1007,0.9862,0.0,0.9862,-1.0888,14520,0.9199,0,37.42,Normal,0.3742,37.42,Normal,Normal Workflow,Normal administrative progression (Risk Score: 37.4). Features align with standard state baselines.
2025-11,Bihar,191,4696,4696,191,191,191,0,9981,4687,0.0,1.0,1.0,1.0,0.0,0.0,0.0,1.7805,0,0.0,1,37.32,Normal,0.3732,37.32,Normal,Normal Workflow,Normal administrative progression (Risk Score: 37.3). Features align with standard state baselines.
2025-11,Chhattisgarh,947479,890220,57259,5658,61,61,540631,406787,534068,0.5706,0.0001,0.4293,0.4294,0.0059,0.994,0.9892,-0.0128,534007,0.8791,0,100.0,High Risk,1.0,100.0,High Risk,Administrative Bottleneck,High Risk (Score: 100.0): High administrative bottleneck in processing pipeline (Workflow Bottleneck Rate: 0.6%).
2025-11,Goa,10346,9958,388,10346,10346,1047,8009,1290,1047,0.7741,0.1012,0.1247,0.2259,0.8988,0.0,0.8988,-0.97,8009,0.925,0,19.57,Normal,0.1957,19.57,Normal,Normal Workflow,Normal administrative progression (Risk Score: 19.6). Features align with standard state baselines.
2025-11,Gujarat,190242,183055,7187,6795,6474,3835,184076,2331,103524,0.9676,0.0202,0.0123,0.0324,0.0156,0.9643,0.4356,-1.3232,99689,0.9244,0,50.48,Attention,0.5048,50.48,Attention,Administrative Bottleneck,Attention (Score: 50.5): High administrative bottleneck in processing pipeline (Workflow Bottleneck Rate: 1.6%).
2025-11,Himachal Pradesh,6795,5931,864,6795,6795,1031,5709,55,1031,0.8402,0.1517,0.0081,0.1598,0.8483,0.0,0.8483,-1.3364,5709,0.7457,0,13.92,Normal,0.1392,13.92,Normal,Normal Workflow,Normal administrative progression (Risk Score: 13.9). Features align with standard state baselines.
2025-11,J&K,46090,33233,12857,0,0,0,6166,39924,6020,0.1338,0.0,0.8662,0.8662,0.0,1.0,0.0,1.3601,6020,0.4421,0,22.1,Normal,0.221,22.1,Normal,Normal Workflow,Normal administrative progression (Risk Score: 22.1). Features align with standard state baselines.
2025-11,Jharkhand,110756,107032,3724,69105,69105,16833,65816,28107,61970,0.5942,0.152,0.2538,0.4058,0.472,0.3761,0.7564,-0.5643,-14302,0.9328,0,23.67,Normal,0.2367,23.67,Normal,Normal Workflow,Normal administrative progression (Risk Score: 23.7). Features align with standard state baselines.
2025-11,Karnataka,295176,289236,5940,295176,295176,16700,16097,262379,16700,0.0545,0.0566,0.8889,0.9455,0.9434,0.0,0.9434,1.4314,16097,0.9598,0,33.83,Normal,0.3383,33.83,Normal,Normal Workflow,Normal administrative progression (Risk Score: 33.8). Features align with standard state baselines.
2025-11,Kerala,45469,44455,1014,39773,30554,29665,2687,13117,29704,0.0591,0.6524,0.2885,0.9409,0.2223,0.1253,0.2541,-0.4553,2687,0.9554,0,6.11,Normal,0.0611,6.11,Normal,Normal Workflow,Normal administrative progression (Risk Score: 6.1). Features align with standard state baselines.
2025-11,Madhya Pradesh,627513,585326,42187,627513,627513,294877,10229,322407,294877,0.0163,0.4699,0.5138,0.9837,0.5301,0.0,0.5301,0.2527,0,0.8655,0,36.76,Normal,0.3676,36.76,Normal,Normal Workflow,Normal administrative progression (Risk Score: 36.8). Features align with standard state baselines.
2025-11,Maharashtra,409156,397897,11259,13622,13165,13165,223360,172631,208335,0.5459,0.0322,0.4219,0.4541,0.0011,0.9667,0.0335,-0.0361,160901,0.945,0,50.9,Attention,0.509,50.9,Attention,Rejection Spike,Attention (Score: 50.9): High claim rejection rate (42.2%) deviating from national monthly baseline.
2025-11,Odisha,769388,732751,36637,769388,769388,473640,149408,146340,473640,0.1942,0.6156,0.1902,0.8058,0.3844,0.0,0.3844,-0.7642,10435,0.9048,0,64.55,Attention,0.6455,64.55,Attention,Administrative Bottleneck,Attention (Score: 64.5): High administrative bottleneck in processing pipeline (Workflow Bottleneck Rate: 38.4%).
2025-11,Rajasthan,118375,113162,5213,34667,1349,1349,51105,65921,51766,0.4317,0.0114,0.5569,0.5683,0.2815,0.7071,0.9611,0.3881,51105,0.9119,0,24.53,Normal,0.2453,24.53,Normal,Normal Workflow,Normal administrative progression (Risk Score: 24.5). Features align with standard state baselines.
2025-11,Tamil Nadu,34667,33119,1548,721,721,721,21235,12711,16508,0.6125,0.0208,0.3667,0.3875,0.0,0.9792,0.0,-0.2096,628,0.9107,0,23.04,Normal,0.2304,23.04,Normal,Normal Workflow,Normal administrative progression (Risk Score: 23.0). Features align with standard state baselines.
2025-11,Telangana,655249,651822,3427,655249,655249,231456,329367,94426,231456,0.5027,0.3532,0.1441,0.4973,0.6468,0.0,0.6468,-0.909,0,0.9895,0,57.48,Attention,0.5748,57.48,Attention,Administrative Bottleneck,Attention (Score: 57.5): High administrative bottleneck in processing pipeline (Workflow Bottleneck Rate: 64.7%).
2025-11,Tripura,200721,200557,164,200721,82598,22703,109170,68848,128032,0.5439,0.1131,0.343,0.4561,0.8869,0.0,0.8869,-0.284,105329,0.9984,0,38.36,Normal,0.3836,38.36,Normal,Normal Workflow,Normal administrative progression (Risk Score: 38.4). Features align with standard state baselines.
2025-11,Uttar Pradesh,94166,92972,1194,94166,94166,23430,0,70736,23430,0.0,0.2488,0.7512,1.0,0.7512,0.0,0.7512,0.9987,0,0.9746,0,0.16,Normal,0.0016,0.16,Normal,Normal Workflow,Normal administrative progression (Risk Score: 0.2). Features align with standard state baselines.
2025-11,Uttarakhand,6678,3587,3091,6678,0,0,185,6493,185,0.0277,0.0,0.9723,0.9723,1.0,0.0,1.0,1.6935,0,0.0743,0,43.13,Attention,0.4313,43.13,Attention,Administrative Bottleneck,Attention (Score: 43.1): High administrative bottleneck in processing pipeline (Workflow Bottleneck Rate: 100.0%).
2025-11,West Bengal,142081,131962,10119,142081,142081,45130,364,96587,45130,0.0026,0.3176,0.6798,0.9974,0.6824,0.0,0.6824,0.7743,-44444,0.8576,0,26.34,Normal,0.2634,26.34,Normal,Normal Workflow,Normal administrative progression (Risk Score: 26.3). Features align with standard state baselines.
2025-12,Andhra Pradesh,288409,285115,3294,288409,288409,228489,1525,58395,228489,0.0053,0.7922,0.2025,0.9947,0.2078,0.0,0.2078,-0.7256,0,0.9772,0,9.34,Normal,0.0934,9.34,Normal,Normal Workflow,Normal administrative progression (Risk Score: 9.3). Features align with standard state baselines.
2025-12,Assam,188512,180965,7547,101555,4182,4182,167951,16379,87436,0.8909,0.0222,0.0869,0.1091,0.5165,0.4613,0.9588,-1.0891,-1580,0.9199,0,37.7,Normal,0.377,37.7,Normal,Normal Workflow,Normal administrative progression (Risk Score: 37.7). Features align with standard state baselines.
2025-12,Bihar,4696,3,4696,4696,4696,4696,0,4687,4496,0.0,1.0,0.9981,1.0,0.0,0.0,0.0,1.7758,0,0.9994,1,26.99,Normal,0.2699,26.99,Normal,Normal Workflow,Normal administrative progression (Risk Score: 27.0). Features align with standard state baselines.
2025-12,Chhattisgarh,947479,890220,57259,947479,947479,534068,6624,406787,534068,0.007,0.5637,0.4293,0.993,0.4363,0.0,0.4363,-0.0125,-534007,0.8791,0,89.1,High Risk,0.891,89.1,High Risk,Administrative Bottleneck,High Risk (Score: 89.1): High administrative bottleneck in processing pipeline (Workflow Bottleneck Rate: 43.6%).
2025-12,Goa,10346,9958,388,10346,6474,5658,3398,1290,1047,0.3284,0.5469,0.1247,0.6716,0.4531,0.0,0.4531,-0.9702,-4611,0.925,0,13.3,Normal,0.133,13.3,Normal,Normal Workflow,Normal administrative progression (Risk Score: 13.3). Features align with standard state baselines.
2025-12,Gujarat,190242,183055,7187,190242,190242,103524,84387,2331,103524,0.4436,0.5442,0.0123,0.5564,0.4558,0.0,0.4558,-1.3236,-99689,0.9244,0,24.46,Normal,0.2446,24.46,Normal,Normal Workflow,Normal administrative progression (Risk Score: 24.5). Features align with standard state baselines.
2025-12,Himachal Pradesh,6795,5931,864,6795,6795,1031,5709,55,1031,0.8402,0.1517,0.0081,0.1598,0.8483,0.0,0.8483,-1.3368,0,0.7457,0,12.79,Normal,0.1279,12.79,Normal,Normal Workflow,Normal administrative progression (Risk Score: 12.8). Features align with standard state baselines.
2025-12,J&K,46090,33233,12857,46090,46090,6020,146,39924,6020,0.0032,0.1306,0.8662,0.9968,0.8694,0.0,0.8694,1.3611,-6020,0.4421,0,19.84,Normal,0.1984,19.84,Normal,Normal Workflow,Normal administrative progression (Risk Score: 19.8). Features align with standard state baselines.
2025-12,Jharkhand,110756,107032,3724,6795,538,248,82401,28107,61970,0.744,0.0022,0.2538,0.256,0.0591,0.9386,0.9635,-0.5643,16585,0.9328,0,26.35,Normal,0.2635,26.35,Normal,Normal Workflow,Normal administrative progression (Risk Score: 26.4). Features align with standard state baselines.
2025-12,Karnataka,295176,289236,5940,295176,295176,16700,16097,262379,16700,0.0545,0.0566,0.8889,0.9455,0.9434,0.0,0.9434,1.4324,0,0.9598,0,32.1,Normal,0.321,32.1,Normal,Normal Workflow,Normal administrative progression (Risk Score: 32.1). Features align with standard state baselines.
2025-12,Kerala,45469,44455,1014,45469,39773,39773,0,13117,29704,0.0,0.8747,0.2885,1.0,0.1253,0.0,0.1253,-0.4552,-2687,0.9554,1,22.63,Normal,0.2263,22.63,Normal,Normal Workflow,Normal administrative progression (Risk Score: 22.6). Features align with standard state baselines.
2025-12,Madhya Pradesh,627513,585326,42187,627513,627513,294877,10229,322407,294877,0.0163,0.4699,0.5138,0.9837,0.5301,0.0,0.5301,0.2531,0,0.8655,0,36.76,Normal,0.3676,36.76,Normal,Normal Workflow,Normal administrative progression (Risk Score: 36.8). Features align with standard state baselines.
2025-12,Maharashtra,409156,397897,11259,363117,164767,164767,71758,172631,208335,0.1754,0.4027,0.4219,0.8246,0.4848,0.1125,0.5462,-0.0358,-151602,0.945,0,37.75,Normal,0.3775,37.75,Normal,Normal Workflow,Normal administrative progression (Risk Score: 37.8). Features align with standard state baselines.
2025-12,Odisha,769643,732866,36777,769643,769643,473681,149622,146340,473681,0.1944,0.6155,0.1901,0.8056,0.3845,0.0,0.3845,-0.7646,214,0.9044,0,63.11,Attention,0.6311,63.11,Attention,Administrative Bottleneck,Attention (Score: 63.1): High administrative bottleneck in processing pipeline (Workflow Bottleneck Rate: 38.5%).
2025-12,Rajasthan,118375,113162,5213,118375,4609,4609,47845,65921,51766,0.4042,0.0389,0.5569,0.5958,0.9611,0.0,0.9611,0.3886,-3260,0.9119,0,24.62,Normal,0.2462,24.62,Normal,Normal Workflow,Normal administrative progression (Risk Score: 24.6). Features align with standard state baselines.
2025-12,Tamil Nadu,34667,33119,1548,34667,26233,26233,0,12711,16508,0.0,0.7567,0.3667,1.0,0.2433,0.0,0.2433,-0.2094,-21235,0.9107,1,22.96,Normal,0.2296,22.96,Normal,Normal Workflow,Normal administrative progression (Risk Score: 23.0). Features align with standard state baselines.
2025-12,Telangana,655249,651822,3427,655249,655249,231456,329367,94426,231456,0.5027,0.3532,0.1441,0.4973,0.6468,0.0,0.6468,-0.9092,0,0.9895,0,57.48,Attention,0.5748,57.48,Attention,Administrative Bottleneck,Attention (Score: 57.5): High administrative bottleneck in processing pipeline (Workflow Bottleneck Rate: 64.7%).
2025-12,Tripura,200721,200557,164,200721,82598,82598,49275,68848,128032,0.2455,0.4115,0.343,0.7545,0.5885,0.0,0.5885,-0.2839,-59895,0.9984,0,20.76,Normal,0.2076,20.76,Normal,Normal Workflow,Normal administrative progression (Risk Score: 20.8). Features align with standard state baselines.
2025-12,Uttar Pradesh,94166,92972,1194,94166,94166,23430,0,70736,23430,0.0,0.2488,0.7512,1.0,0.7512,0.0,0.7512,0.9995,0,0.9746,0,0.0,Normal,0.0,0.0,Normal,Normal Workflow,Normal administrative progression (Risk Score: 0.0). Features align with standard state baselines.
2025-12,Uttarakhand,6678,3587,3091,0,0,0,185,6493,185,0.0277,0.0,0.9723,0.9723,0.0,1.0,0.0,1.6947,0,0.0743,0,18.85,Normal,0.1885,18.85,Normal,Normal Workflow,Normal administrative progression (Risk Score: 18.9). Features align with standard state baselines.
2025-12,West Bengal,142081,131962,10119,142081,1022,845,44649,96587,45130,0.3143,0.0059,0.6798,0.6857,0.9941,0.0,0.9941,0.775,44285,0.8576,0,39.83,Normal,0.3983,39.83,Normal,Normal Workflow,Normal administrative progression (Risk Score: 39.8). Features align with standard state baselines.
2026-01,Andhra Pradesh,288409,285115,3294,288409,288409,228489,1525,58395,228489,0.0053,0.7922,0.2025,0.9947,0.2078,0.0,0.2078,-0.7248,0,0.9772,0,9.15,Normal,0.0915,9.15,Normal,Normal Workflow,Normal administrative progression (Risk Score: 9.2). Features align with standard state baselines.
2026-01,Assam,216644,208062,8582,105737,81141,81141,119124,16379,87436,0.5499,0.3745,0.0756,0.4501,0.1135,0.5119,0.2326,-1.1275,-48827,0.9208,0,29.87,Normal,0.2987,29.87,Normal,Normal Workflow,Normal administrative progression (Risk Score: 29.9). Features align with standard state baselines.
2026-01,Bihar,4696,4696,0,4696,191,21,179,4496,191,0.0381,0.0045,0.9574,0.9619,0.9955,0.0,0.9955,1.6707,179,1.0,0,25.5,Normal,0.255,25.5,Normal,Normal Workflow,Normal administrative progression (Risk Score: 25.5). Features align with standard state baselines.
2026-01,Chhattisgarh,947479,890220,57259,843086,841839,534521,6171,406787,534068,0.0065,0.5642,0.4293,0.9935,0.3257,0.1102,0.366,-0.0051,-453,0.8791,0,65.56,High Risk,0.6556,65.56,High Risk,Administrative Bottleneck,High Risk (Score: 65.6): High administrative bottleneck in processing pipeline (Workflow Bottleneck Rate: 32.6%).
2026-01,Goa,10346,9958,388,5658,4648,2999,6057,1290,1047,0.5854,0.2899,0.1247,0.4146,0.257,0.4531,0.47,-0.9717,2659,0.925,0,12.72,Normal,0.1272,12.72,Normal,Normal Workflow,Normal administrative progression (Risk Score: 12.7). Features align with standard state baselines.
2026-01,Gujarat,190242,183055,7187,186192,119410,103524,84387,2331,103524,0.4436,0.5442,0.0123,0.5564,0.4345,0.0213,0.444,-1.3284,0,0.9244,0,9.67,Normal,0.0967,9.67,Normal,Normal Workflow,Normal administrative progression (Risk Score: 9.7). Features align with standard state baselines.
2026-01,Himachal Pradesh,6795,5931,864,6795,6795,1031,5709,55,1031,0.8402,0.1517,0.0081,0.1598,0.8483,0.0,0.8483,-1.3417,0,0.7457,0,12.97,Normal,0.1297,12.97,Normal,Normal Workflow,Normal administrative progression (Risk Score: 13.0). Features align with standard state baselines.
2026-01,J&K,46090,33233,12857,0,0,0,6166,39924,6020,0.1338,0.0,0.8662,0.8662,0.0,1.0,0.0,1.3813,6020,0.4421,0,21.87,Normal,0.2187,21.87,Normal,Normal Workflow,Normal administrative progression (Risk Score: 21.9). Features align with standard state baselines.
2026-01,Jharkhand,110756,107032,3724,2531,2135,2121,80528,28107,61970,0.7271,0.0192,0.2538,0.2729,0.0037,0.9771,0.162,-0.562,-1873,0.9328,0,21.49,Normal,0.2149,21.49,Normal,Normal Workflow,Normal administrative progression (Risk Score: 21.5). Features align with standard state baselines.
2026-01,Karnataka,295176,289236,5940,295176,295176,16700,16097,262379,16700,0.0545,0.0566,0.8889,0.9455,0.9434,0.0,0.9434,1.4533,0,0.9598,0,32.61,Normal,0.3261,32.61,Normal,Normal Workflow,Normal administrative progression (Risk Score: 32.6). Features align with standard state baselines.
2026-01,Kerala,45473,44455,1018,45473,18303,16700,15559,13214,29706,0.3422,0.3673,0.2906,0.6578,0.6327,0.0,0.6327,-0.4452,15559,0.9552,0,9.51,Normal,0.0951,9.51,Normal,Normal Workflow,Normal administrative progression (Risk Score: 9.5). Features align with standard state baselines.
2026-01,Madhya Pradesh,627513,585326,42187,627513,627513,294877,10229,322407,294877,0.0163,0.4699,0.5138,0.9837,0.5301,0.0,0.5301,0.263,0,0.8655,0,33.48,Normal,0.3348,33.48,Normal,Normal Workflow,Normal administrative progression (Risk Score: 33.5). Features align with standard state baselines.
2026-01,Maharashtra,409156,397897,11259,409156,409156,275110,0,172631,208335,0.0,0.6724,0.4219,1.0,0.3276,0.0,0.3276,-0.0286,-71758,0.945,1,58.58,Attention,0.5858,58.58,Attention,Data Discrepancy,Attention (Score: 58.6): Operational data contradiction flagged. Official counts show mathematical inconsistency across claims received vs approved/rejected totals.
2026-01,Odisha,769661,732866,36795,582144,500174,484448,138873,146340,473884,0.1804,0.6294,0.1901,0.8196,0.1269,0.2436,0.1678,-0.7642,-10749,0.9044,0,55.1,Attention,0.551,55.1,Attention,Imbalanced Filing,Attention (Score: 55.1): High structural imbalance between individual and community claim processing.
2026-01,Rajasthan,118375,113162,5213,4609,3251,2551,49903,65921,51766,0.4216,0.0216,0.5569,0.5784,0.0174,0.9611,0.4465,0.3998,2058,0.9119,0,24.76,Normal,0.2476,24.76,Normal,Normal Workflow,Normal administrative progression (Risk Score: 24.8). Features align with standard state baselines.
2026-01,Tamil Nadu,34667,33119,1548,34667,34667,16508,5448,12711,16508,0.1572,0.4762,0.3667,0.8428,0.5238,0.0,0.5238,-0.2038,5448,0.9107,0,3.15,Normal,0.0315,3.15,Normal,Normal Workflow,Normal administrative progression (Risk Score: 3.1). Features align with standard state baselines.
2026-01,Telangana,655249,651822,3427,231456,231456,231456,329367,94426,231456,0.5027,0.3532,0.1441,0.4973,0.0,0.6468,0.0,-0.9101,0,0.9895,0,59.77,Attention,0.5977,59.77,Attention,Backlog Accumulation,"Attention (Score: 59.8): Expanding unresolved backlog (Pending Rate: 50.3%, MoM Growth: +0 claims)."
2026-01,Tripura,200721,200557,164,144,138,101,131772,68848,128032,0.6565,0.0005,0.343,0.3435,0.0002,0.9993,0.2986,-0.279,82497,0.9984,0,32.66,Normal,0.3266,32.66,Normal,Normal Workflow,Normal administrative progression (Risk Score: 32.7). Features align with standard state baselines.
2026-01,Uttar Pradesh,94166,92972,1194,94166,94166,23430,0,70736,23430,0.0,0.2488,0.7512,1.0,0.7512,0.0,0.7512,1.0163,0,0.9746,0,0.08,Normal,0.0008,0.08,Normal,Normal Workflow,Normal administrative progression (Risk Score: 0.1). Features align with standard state baselines.
2026-01,Uttarakhand,6678,3587,3091,0,0,0,185,6493,185,0.0277,0.0,0.9723,0.9723,0.0,1.0,0.0,1.7179,0,0.0743,0,19.13,Normal,0.1913,19.13,Normal,Normal Workflow,Normal administrative progression (Risk Score: 19.1). Features align with standard state baselines.
2026-01,West Bengal,142081,131962,10119,52610,51897,45130,364,96587,45130,0.0026,0.3176,0.6798,0.9974,0.0526,0.6297,0.1422,0.7898,-44285,0.8576,0,18.08,Normal,0.1808,18.08,Normal,Normal Workflow,Normal administrative progression (Risk Score: 18.1). Features align with standard state baselines.
2026-02,Andhra Pradesh,288409,285115,3294,288409,288409,228489,1525,58395,228489,0.0053,0.7922,0.2025,0.9947,0.2078,0.0,0.2078,-0.8343,0,0.9772,0,11.12,Normal,0.1112,11.12,Normal,Normal Workflow,Normal administrative progression (Risk Score: 11.1). Features align with standard state baselines.
2026-02,Assam,216644,208062,8582,105737,81141,81141,119124,16379,87436,0.5499,0.3745,0.0756,0.4501,0.1135,0.5119,0.2326,-1.1764,0,0.9208,0,26.16,Normal,0.2616,26.16,Normal,Normal Workflow,Normal administrative progression (Risk Score: 26.2). Features align with standard state baselines.
2026-02,Bihar,4696,4696,0,4696,191,21,179,4496,191,0.0381,0.0045,0.9574,0.9619,0.9955,0.0,0.9955,1.2007,0,1.0,0,22.26,Normal,0.2226,22.26,Normal,Normal Workflow,Normal administrative progression (Risk Score: 22.3). Features align with standard state baselines.
2026-02,Chhattisgarh,947479,890220,57259,843086,841839,534521,6171,406787,534068,0.0065,0.5642,0.4293,0.9935,0.3257,0.1102,0.366,-0.2229,0,0.8791,0,67.07,High Risk,0.6707,67.07,High Risk,Administrative Bottleneck,High Risk (Score: 67.1): High administrative bottleneck in processing pipeline (Workflow Bottleneck Rate: 32.6%).
2026-02,Goa,10346,9958,388,5658,4648,2999,6057,1290,1047,0.5854,0.2899,0.1247,0.4146,0.257,0.4531,0.47,-1.044,0,0.925,0,12.44,Normal,0.1244,12.44,Normal,Normal Workflow,Normal administrative progression (Risk Score: 12.4). Features align with standard state baselines.
2026-02,Gujarat,190242,183055,7187,186192,119410,103524,84387,2331,103524,0.4436,0.5442,0.0123,0.5564,0.4345,0.0213,0.444,-1.347,0,0.9244,0,9.75,Normal,0.0975,9.75,Normal,Normal Workflow,Normal administrative progression (Risk Score: 9.8). Features align with standard state baselines.
2026-02,Himachal Pradesh,6795,5931,864,6795,6795,1031,4678,1086,1031,0.6884,0.1517,0.1598,0.3116,0.8483,0.0,0.8483,-0.9494,-1031,0.7457,0,15.68,Normal,0.1568,15.68,Normal,Normal Workflow,Normal administrative progression (Risk Score: 15.7). Features align with standard state baselines.
2026-02,J&K,46090,33233,12857,0,0,0,6166,39924,6020,0.1338,0.0,0.8662,0.8662,0.0,1.0,0.0,0.9549,0,0.4421,0,21.85,Normal,0.2185,21.85,Normal,Normal Workflow,Normal administrative progression (Risk Score: 21.9). Features align with standard state baselines.
2026-02,Jharkhand,110756,107032,3724,71636,65731,62051,20598,28107,61970,0.186,0.5602,0.2538,0.814,0.0865,0.3532,0.1338,-0.696,-59930,0.9328,0,16.46,Normal,0.1646,16.46,Normal,Normal Workflow,Normal administrative progression (Risk Score: 16.5). Features align with standard state baselines.
2026-02,Karnataka,295176,289236,5940,154073,18303,16700,16097,262379,16700,0.0545,0.0566,0.8889,0.9455,0.4654,0.478,0.8916,1.0161,0,0.9598,0,34.1,Normal,0.341,34.1,Normal,Normal Workflow,Normal administrative progression (Risk Score: 34.1). Features align with standard state baselines.
2026-02,Kerala,45473,44455,1018,40507,31113,30107,2152,13214,29706,0.0473,0.6621,0.2906,0.9527,0.2287,0.1092,0.2567,-0.5968,-13407,0.9552,0,7.42,Normal,0.0742,7.42,Normal,Normal Workflow,Normal administrative progression (Risk Score: 7.4). Features align with standard state baselines.
2026-02,Madhya Pradesh,807405,766430,40975,807405,807405,289461,273457,244487,289461,0.3387,0.3585,0.3028,0.6613,0.6415,0.0,0.6415,-0.5639,263228,0.8985,0,85.55,High Risk,0.8555,85.55,High Risk,Administrative Bottleneck,High Risk (Score: 85.5): High administrative bottleneck in processing pipeline (Workflow Bottleneck Rate: 64.1%).
2026-02,Maharashtra,409156,397897,11259,374165,174066,174066,0,380966,208335,0.0,0.4254,0.9311,1.0,0.4891,0.0855,0.5348,1.1299,0,0.945,1,69.07,High Risk,0.6907,69.07,High Risk,Data Discrepancy,High Risk (Score: 69.1): Operational data contradiction flagged. Official counts show mathematical inconsistency across claims received vs approved/rejected totals.
2026-02,Odisha,769977,733158,36819,582159,500189,484481,139151,146345,473936,0.1807,0.6292,0.1901,0.8193,0.1269,0.2439,0.1678,-0.8677,278,0.9044,0,51.19,Attention,0.5119,51.19,Attention,Imbalanced Filing,Attention (Score: 51.2): High structural imbalance between individual and community claim processing.
2026-02,Rajasthan,118375,113162,5213,118375,118375,51766,0,117687,51766,0.0,0.4373,0.9942,1.0,0.5627,0.0,0.5627,1.3,-49903,0.9119,1,39.92,Normal,0.3992,39.92,Normal,Normal Workflow,Normal administrative progression (Risk Score: 39.9). Features align with standard state baselines.
2026-02,Tamil Nadu,34667,33119,1548,34667,34667,16508,0,29219,16508,0.0,0.4762,0.8428,1.0,0.5238,0.0,0.5238,0.8918,-5448,0.9107,1,22.05,Normal,0.2205,22.05,Normal,Normal Workflow,Normal administrative progression (Risk Score: 22.1). Features align with standard state baselines.
2026-02,Telangana,655249,651822,3427,231456,231456,231456,329367,94426,231456,0.5027,0.3532,0.1441,0.4973,0.0,0.6468,0.0,-0.9917,0,0.9895,0,63.68,Attention,0.6368,63.68,Attention,Backlog Accumulation,"Attention (Score: 63.7): Expanding unresolved backlog (Pending Rate: 50.3%, MoM Growth: +0 claims)."
2026-02,Tripura,200721,200557,164,153257,136437,131793,80,68848,128032,0.0004,0.6566,0.343,0.9996,0.1069,0.2365,0.1401,-0.4555,-131692,0.9984,0,20.13,Normal,0.2013,20.13,Normal,Normal Workflow,Normal administrative progression (Risk Score: 20.1). Features align with standard state baselines.
2026-02,Uttar Pradesh,94166,92972,1194,94166,94166,23430,0,70736,23430,0.0,0.2488,0.7512,1.0,0.7512,0.0,0.7512,0.6449,0,0.9746,0,4.21,Normal,0.0421,4.21,Normal,Normal Workflow,Normal administrative progression (Risk Score: 4.2). Features align with standard state baselines.
2026-02,Uttarakhand,6616,3525,3091,0,0,0,42,6574,84,0.0063,0.0,0.9937,0.9937,0.0,1.0,0.0,1.2986,-143,0.0656,0,24.99,Normal,0.2499,24.99,Normal,Normal Workflow,Normal administrative progression (Risk Score: 25.0). Features align with standard state baselines.
2026-02,West Bengal,142081,131962,10119,52610,51897,45130,0,141717,45130,0.0,0.3176,0.9974,1.0,0.0526,0.6297,0.1422,1.3086,-364,0.8576,1,47.97,Attention,0.4797,47.97,Attention,Data Discrepancy,Attention (Score: 48.0): Operational data contradiction flagged. Official counts show mathematical inconsistency across claims received vs approved/rejected totals.
2026-03,Andhra Pradesh,288409,285115,3294,288409,288409,228489,1525,58395,228489,0.0053,0.7922,0.2025,0.9947,0.2078,0.0,0.2078,-0.6891,0,0.9772,0,9.75,Normal,0.0975,9.75,Normal,Normal Workflow,Normal administrative progression (Risk Score: 9.8). Features align with standard state baselines.
2026-03,Assam,216644,208062,8582,4182,2602,2602,197663,16379,87436,0.9124,0.012,0.0756,0.0876,0.0073,0.9807,0.3778,-1.0854,78539,0.9208,0,45.92,Attention,0.4592,45.92,Attention,Administrative Bottleneck,Attention (Score: 45.9): High administrative bottleneck in processing pipeline (Workflow Bottleneck Rate: 0.7%).
2026-03,Bihar,4696,4696,0,4696,4696,4496,0,4687,4496,0.0,0.9574,0.9981,1.0,0.0426,0.0,0.0426,1.796,-179,1.0,1,28.1,Normal,0.281,28.1,Normal,Normal Workflow,Normal administrative progression (Risk Score: 28.1). Features align with standard state baselines.
2026-03,Chhattisgarh,947479,890220,57259,843086,841839,534521,6171,406787,534068,0.0065,0.5642,0.4293,0.9935,0.3257,0.1102,0.366,0.0194,0,0.8791,0,55.4,Attention,0.554,55.4,Attention,Administrative Bottleneck,Attention (Score: 55.4): High administrative bottleneck in processing pipeline (Workflow Bottleneck Rate: 32.6%).
2026-03,Goa,10346,9958,388,5658,4648,2999,6057,1290,1047,0.5854,0.2899,0.1247,0.4146,0.257,0.4531,0.47,-0.9321,0,0.925,0,12.41,Normal,0.1241,12.41,Normal,Normal Workflow,Normal administrative progression (Risk Score: 12.4). Features align with standard state baselines.
2026-03,Gujarat,190242,183055,7187,186192,119410,103524,84387,2331,103524,0.4436,0.5442,0.0123,0.5564,0.4345,0.0213,0.444,-1.2832,0,0.9244,0,9.5,Normal,0.095,9.5,Normal,Normal Workflow,Normal administrative progression (Risk Score: 9.5). Features align with standard state baselines.
2026-03,Himachal Pradesh,6795,5931,864,6795,6795,1031,5709,55,1031,0.8402,0.1517,0.0081,0.1598,0.8483,0.0,0.8483,-1.2963,1031,0.7457,0,12.72,Normal,0.1272,12.72,Normal,Normal Workflow,Normal administrative progression (Risk Score: 12.7). Features align with standard state baselines.
2026-03,J&K,46090,33233,12857,0,0,0,6166,39924,6020,0.1338,0.0,0.8662,0.8662,0.0,1.0,0.0,1.384,0,0.4421,0,20.1,Normal,0.201,20.1,Normal,Normal Workflow,Normal administrative progression (Risk Score: 20.1). Features align with standard state baselines.
2026-03,Jharkhand,110756,107032,3724,110756,110756,61970,20679,28107,61970,0.1867,0.5595,0.2538,0.8133,0.4405,0.0,0.4405,-0.5288,81,0.9328,0,7.61,Normal,0.0761,7.61,Normal,Normal Workflow,Normal administrative progression (Risk Score: 7.6). Features align with standard state baselines.
2026-03,Karnataka,295176,289236,5940,295176,295176,16700,15850,262626,16700,0.0537,0.0566,0.8897,0.9463,0.9434,0.0,0.9434,1.4574,-247,0.9598,0,34.74,Normal,0.3474,34.74,Normal,Normal Workflow,Normal administrative progression (Risk Score: 34.7). Features align with standard state baselines.
2026-03,Kerala,45598,44580,1018,45598,18470,16700,15682,13216,29802,0.3439,0.3662,0.2898,0.6561,0.6338,0.0,0.6338,-0.4164,13530,0.9553,0,10.42,Normal,0.1042,10.42,Normal,Normal Workflow,Normal administrative progression (Risk Score: 10.4). Features align with standard state baselines.
2026-03,Madhya Pradesh,807405,766430,40975,807405,807405,289461,273457,244487,289461,0.3387,0.3585,0.3028,0.6613,0.6415,0.0,0.6415,-0.3758,0,0.8985,0,69.98,High Risk,0.6998,69.98,High Risk,Administrative Bottleneck,High Risk (Score: 70.0): High administrative bottleneck in processing pipeline (Workflow Bottleneck Rate: 64.1%).
2026-03,Maharashtra,409156,397897,11259,11048,9299,8696,227829,172631,208335,0.5568,0.0213,0.4219,0.4432,0.0057,0.973,0.2129,-0.0037,227829,0.945,0,49.79,Attention,0.4979,49.79,Attention,Rejection Spike,Attention (Score: 49.8): High claim rejection rate (42.2%) deviating from national monthly baseline.
2026-03,Odisha,769977,733158,36819,582159,500189,484481,139151,146345,473936,0.1807,0.6292,0.1901,0.8193,0.1269,0.2439,0.1678,-0.7278,0,0.9044,0,47.19,Attention,0.4719,47.19,Attention,Imbalanced Filing,Attention (Score: 47.2): High structural imbalance between individual and community claim processing.
2026-03,Rajasthan,118375,113162,5213,76333,63849,51766,688,65921,51766,0.0058,0.4373,0.5569,0.9942,0.2075,0.3552,0.3218,0.4179,688,0.9119,0,5.74,Normal,0.0574,5.74,Normal,Normal Workflow,Normal administrative progression (Risk Score: 5.7). Features align with standard state baselines.
2026-03,Tamil Nadu,34667,33119,1548,34667,34667,16508,5448,12711,16508,0.1572,0.4762,0.3667,0.8428,0.5238,0.0,0.5238,-0.1762,5448,0.9107,0,2.76,Normal,0.0276,2.76,Normal,Normal Workflow,Normal administrative progression (Risk Score: 2.8). Features align with standard state baselines.
2026-03,Telangana,655249,651822,3427,27582,721,721,560102,94426,231456,0.8548,0.0011,0.1441,0.1452,0.041,0.9579,0.9739,-0.8715,230735,0.9895,0,66.76,High Risk,0.6676,66.76,High Risk,Administrative Bottleneck,High Risk (Score: 66.8): High administrative bottleneck in processing pipeline (Workflow Bottleneck Rate: 4.1%).
2026-03,Tripura,201122,201055,67,134694,132220,131615,1035,68472,131680,0.0051,0.6544,0.3405,0.9949,0.0153,0.3303,0.0229,-0.258,955,0.9993,0,25.73,Normal,0.2573,25.73,Normal,Normal Workflow,Normal administrative progression (Risk Score: 25.7). Features align with standard state baselines.
2026-03,Uttar Pradesh,94166,92972,1194,94166,94166,23430,0,70736,23430,0.0,0.2488,0.7512,1.0,0.7512,0.0,0.7512,1.0248,0,0.9746,0,0.56,Normal,0.0056,0.56,Normal,Normal Workflow,Normal administrative progression (Risk Score: 0.6). Features align with standard state baselines.
2026-03,Uttarakhand,6616,3525,3091,0,0,0,126,6490,84,0.019,0.0,0.981,0.981,0.0,1.0,0.0,1.7426,84,0.0656,0,24.84,Normal,0.2484,24.84,Normal,Normal Workflow,Normal administrative progression (Risk Score: 24.8). Features align with standard state baselines.
2026-03,West Bengal,142081,131962,10119,52610,51897,45130,364,96587,45130,0.0026,0.3176,0.6798,0.9974,0.0526,0.6297,0.1422,0.8018,364,0.8576,0,14.33,Normal,0.1433,14.33,Normal,Normal Workflow,Normal administrative progression (Risk Score: 14.3). Features align with standard state baselines.
2026-04,Andhra Pradesh,288409,285115,3294,288409,288409,228489,1525,58395,228489,0.0053,0.7922,0.2025,0.9947,0.2078,0.0,0.2078,-0.7034,0,0.9772,0,9.24,Normal,0.0924,9.24,Normal,Normal Workflow,Normal administrative progression (Risk Score: 9.2). Features align with standard state baselines.
2026-04,Assam,216644,208062,8582,105737,81141,81141,119124,16379,87436,0.5499,0.3745,0.0756,0.4501,0.1135,0.5119,0.2326,-1.1071,-78539,0.9208,0,30.09,Normal,0.3009,30.09,Normal,Normal Workflow,Normal administrative progression (Risk Score: 30.1). Features align with standard state baselines.
2026-04,Bihar,4696,4696,0,4696,191,21,179,4496,191,0.0381,0.0045,0.9574,0.9619,0.9955,0.0,0.9955,1.6979,179,1.0,0,26.0,Normal,0.26,26.0,Normal,Normal Workflow,Normal administrative progression (Risk Score: 26.0). Features align with standard state baselines.
2026-04,Chhattisgarh,947479,890220,57259,843086,841839,534521,6171,406787,534068,0.0065,0.5642,0.4293,0.9935,0.3257,0.1102,0.366,0.018,0,0.8791,0,56.19,Attention,0.5619,56.19,Attention,Administrative Bottleneck,Attention (Score: 56.2): High administrative bottleneck in processing pipeline (Workflow Bottleneck Rate: 32.6%).
2026-04,Goa,10346,9956,390,6358,5605,3459,5060,1827,1047,0.4891,0.3343,0.1766,0.5109,0.2802,0.3855,0.456,-0.7858,-997,0.9246,0,15.61,Normal,0.1561,15.61,Normal,Normal Workflow,Normal administrative progression (Risk Score: 15.6). Features align with standard state baselines.
2026-04,Gujarat,190242,183055,7187,186192,119410,103524,84387,2331,103524,0.4436,0.5442,0.0123,0.5564,0.4345,0.0213,0.444,-1.3084,0,0.9244,0,9.12,Normal,0.0912,9.12,Normal,Normal Workflow,Normal administrative progression (Risk Score: 9.1). Features align with standard state baselines.
2026-04,Himachal Pradesh,6968,6100,868,6968,6968,1098,5814,56,1098,0.8344,0.1576,0.008,0.1656,0.8424,0.0,0.8424,-1.3221,105,0.7509,0,14.78,Normal,0.1478,14.78,Normal,Normal Workflow,Normal administrative progression (Risk Score: 14.8). Features align with standard state baselines.
2026-04,J&K,46090,33233,12857,0,0,0,6166,39924,6020,0.1338,0.0,0.8662,0.8662,0.0,1.0,0.0,1.4078,0,0.4421,0,21.3,Normal,0.213,21.3,Normal,Normal Workflow,Normal administrative progression (Risk Score: 21.3). Features align with standard state baselines.
2026-04,Jharkhand,110756,107032,3724,71636,65731,62051,20598,28107,61970,0.186,0.5602,0.2538,0.814,0.0865,0.3532,0.1338,-0.5402,-81,0.9328,0,12.09,Normal,0.1209,12.09,Normal,Normal Workflow,Normal administrative progression (Risk Score: 12.1). Features align with standard state baselines.
2026-04,Karnataka,295176,289236,5940,154427,18470,16700,15850,262626,16700,0.0537,0.0566,0.8897,0.9463,0.4666,0.4768,0.8919,1.4826,0,0.9598,0,34.38,Normal,0.3438,34.38,Normal,Normal Workflow,Normal administrative progression (Risk Score: 34.4). Features align with standard state baselines.
2026-04,Kerala,45598,44580,1018,45598,39898,39898,0,13216,29802,0.0,0.875,0.2898,1.0,0.125,0.0,0.125,-0.4257,-15682,0.9553,1,23.63,Normal,0.2363,23.63,Normal,Normal Workflow,Normal administrative progression (Risk Score: 23.6). Features align with standard state baselines.
2026-04,Madhya Pradesh,807405,766430,40975,807405,807405,289461,273457,244487,289461,0.3387,0.3585,0.3028,0.6613,0.6415,0.0,0.6415,-0.3844,0,0.8985,0,68.15,High Risk,0.6815,68.15,High Risk,Administrative Bottleneck,High Risk (Score: 68.2): High administrative bottleneck in processing pipeline (Workflow Bottleneck Rate: 64.1%).
2026-04,Maharashtra,409156,397897,11259,374165,174066,174066,62459,172631,208335,0.1527,0.4254,0.4219,0.8473,0.4891,0.0855,0.5348,-0.0055,-165370,0.945,0,29.34,Normal,0.2934,29.34,Normal,Normal Workflow,Normal administrative progression (Risk Score: 29.3). Features align with standard state baselines.
2026-04,Odisha,769977,733158,36819,582159,500189,484481,139151,146345,473936,0.1807,0.6292,0.1901,0.8193,0.1269,0.2439,0.1678,-0.7429,0,0.9044,0,46.29,Attention,0.4629,46.29,Attention,Imbalanced Filing,Attention (Score: 46.3): High structural imbalance between individual and community claim processing.
2026-04,Rajasthan,118375,113162,5213,76333,63849,51766,688,65921,51766,0.0058,0.4373,0.5569,0.9942,0.2075,0.3552,0.3218,0.4239,0,0.9119,0,5.04,Normal,0.0504,5.04,Normal,Normal Workflow,Normal administrative progression (Risk Score: 5.0). Features align with standard state baselines.
2026-04,Tamil Nadu,34667,33119,1548,27582,16972,16568,5388,12711,16508,0.1554,0.4779,0.3667,0.8446,0.3177,0.2044,0.3993,-0.1811,-60,0.9107,0,6.1,Normal,0.061,6.1,Normal,Normal Workflow,Normal administrative progression (Risk Score: 6.1). Features align with standard state baselines.
2026-04,Telangana,655249,651822,3427,231456,231456,231456,329367,94426,231456,0.5027,0.3532,0.1441,0.4973,0.0,0.6468,0.0,-0.8892,-230735,0.9895,0,66.78,High Risk,0.6678,66.78,High Risk,Backlog Accumulation,"High Risk (Score: 66.8): Expanding unresolved backlog (Pending Rate: 50.3%, MoM Growth: +-230,735 claims)."
2026-04,Tripura,201122,201055,67,153686,13476,13476,119174,68472,131680,0.5925,0.067,0.3405,0.4075,0.6971,0.2359,0.9123,-0.2644,118139,0.9993,0,40.45,Attention,0.4045,40.45,Attention,Administrative Bottleneck,Attention (Score: 40.5): High administrative bottleneck in processing pipeline (Workflow Bottleneck Rate: 69.7%).
2026-04,Uttar Pradesh,94166,92972,1194,94166,94166,23430,0,70736,23430,0.0,0.2488,0.7512,1.0,0.7512,0.0,0.7512,1.042,0,0.9746,0,1.32,Normal,0.0132,1.32,Normal,Normal Workflow,Normal administrative progression (Risk Score: 1.3). Features align with standard state baselines.
2026-04,Uttarakhand,6616,3525,3091,0,0,0,126,6490,84,0.019,0.0,0.981,0.981,0.0,1.0,0.0,1.773,0,0.0656,0,25.05,Normal,0.2505,25.05,Normal,Normal Workflow,Normal administrative progression (Risk Score: 25.1). Features align with standard state baselines.
2026-04,West Bengal,142081,131962,10119,52610,51897,45130,364,96587,45130,0.0026,0.3176,0.6798,0.9974,0.0526,0.6297,0.1422,0.8149,0,0.8576,0,14.03,Normal,0.1403,14.03,Normal,Normal Workflow,Normal administrative progression (Risk Score: 14.0). Features align with standard state baselines.
2026-05,Andhra Pradesh,288409,285115,3294,288409,288409,228489,1525,58395,228489,0.0053,0.7922,0.2025,0.9947,0.2078,0.0,0.2078,-0.7039,0,0.9772,0,9.24,Normal,0.0924,9.24,Normal,Normal Workflow,Normal administrative progression (Risk Score: 9.2). Features align with standard state baselines.
2026-05,Assam,216644,208062,8582,105737,81141,81141,119124,16379,87436,0.5499,0.3745,0.0756,0.4501,0.1135,0.5119,0.2326,-1.1086,0,0.9208,0,25.26,Normal,0.2526,25.26,Normal,Normal Workflow,Normal administrative progression (Risk Score: 25.3). Features align with standard state baselines.
2026-05,Bihar,4696,4696,0,4696,191,21,179,4496,191,0.0381,0.0045,0.9574,0.9619,0.9955,0.0,0.9955,1.7041,0,1.0,0,25.24,Normal,0.2524,25.24,Normal,Normal Workflow,Normal administrative progression (Risk Score: 25.2). Features align with standard state baselines.
2026-05,Chhattisgarh,947479,890220,57259,843086,841839,534521,6171,406787,534068,0.0065,0.5642,0.4293,0.9935,0.3257,0.1102,0.366,0.0196,0,0.8791,0,55.64,Attention,0.5564,55.64,Attention,Administrative Bottleneck,Attention (Score: 55.6): High administrative bottleneck in processing pipeline (Workflow Bottleneck Rate: 32.6%).
2026-05,Goa,10346,9956,390,6358,5605,3459,5060,1827,1047,0.4891,0.3343,0.1766,0.5109,0.2802,0.3855,0.456,-0.7865,0,0.9246,0,15.46,Normal,0.1546,15.46,Normal,Normal Workflow,Normal administrative progression (Risk Score: 15.5). Features align with standard state baselines.
2026-05,Gujarat,190242,183055,7187,186192,119410,103524,84387,2331,103524,0.4436,0.5442,0.0123,0.5564,0.4345,0.0213,0.444,-1.3106,0,0.9244,0,9.12,Normal,0.0912,9.12,Normal,Normal Workflow,Normal administrative progression (Risk Score: 9.1). Features align with standard state baselines.
2026-05,Himachal Pradesh,6968,6100,868,6968,6968,1098,5814,56,1098,0.8344,0.1576,0.008,0.1656,0.8424,0.0,0.8424,-1.3243,0,0.7509,0,14.78,Normal,0.1478,14.78,Normal,Normal Workflow,Normal administrative progression (Risk Score: 14.8). Features align with standard state baselines.
2026-05,J&K,46090,33233,12857,429,0,0,6166,39924,6020,0.1338,0.0,0.8662,0.8662,0.0093,0.9907,1.0,1.4132,0,0.4421,0,35.78,Normal,0.3578,35.78,Normal,Normal Workflow,Normal administrative progression (Risk Score: 35.8). Features align with standard state baselines.
2026-05,Jharkhand,110756,107032,3724,71636,65731,62051,20598,28107,61970,0.186,0.5602,0.2538,0.814,0.0865,0.3532,0.1338,-0.5402,0,0.9328,0,12.09,Normal,0.1209,12.09,Normal,Normal Workflow,Normal administrative progression (Risk Score: 12.1). Features align with standard state baselines.
2026-05,Karnataka,295176,289236,5940,154427,18470,16700,15850,262626,16700,0.0537,0.0566,0.8897,0.9463,0.4666,0.4768,0.8919,1.4882,0,0.9598,0,34.38,Normal,0.3438,34.38,Normal,Normal Workflow,Normal administrative progression (Risk Score: 34.4). Features align with standard state baselines.
2026-05,Kerala,45598,44580,1018,40632,31209,30203,2179,13216,29807,0.0478,0.6624,0.2898,0.9522,0.2287,0.1089,0.2567,-0.4254,2179,0.9553,0,5.83,Normal,0.0583,5.83,Normal,Normal Workflow,Normal administrative progression (Risk Score: 5.8). Features align with standard state baselines.
2026-05,Madhya Pradesh,807405,766430,40975,807405,807405,289461,273457,244487,289461,0.3387,0.3585,0.3028,0.6613,0.6415,0.0,0.6415,-0.3839,0,0.8985,0,68.07,High Risk,0.6807,68.07,High Risk,Administrative Bottleneck,High Risk (Score: 68.1): High administrative bottleneck in processing pipeline (Workflow Bottleneck Rate: 64.1%).
2026-05,Maharashtra,409156,397897,11259,409156,363117,363117,0,172631,208335,0.0,0.8875,0.4219,1.0,0.1125,0.0,0.1125,-0.004,-62459,0.945,1,67.91,High Risk,0.6791,67.91,High Risk,Data Discrepancy,High Risk (Score: 67.9): Operational data contradiction flagged. Official counts show mathematical inconsistency across claims received vs approved/rejected totals.
2026-05,Odisha,769977,733158,36819,582159,500189,484481,139151,146345,473936,0.1807,0.6292,0.1901,0.8193,0.1269,0.2439,0.1678,-0.7434,0,0.9044,0,46.37,Attention,0.4637,46.37,Attention,Imbalanced Filing,Attention (Score: 46.4): High structural imbalance between individual and community claim processing.
2026-05,Rajasthan,118375,113162,5213,76333,63849,51766,688,65921,51766,0.0058,0.4373,0.5569,0.9942,0.2075,0.3552,0.3218,0.4266,0,0.9119,0,5.04,Normal,0.0504,5.04,Normal,Normal Workflow,Normal administrative progression (Risk Score: 5.0). Features align with standard state baselines.
2026-05,Tamil Nadu,34667,33119,1548,27582,16972,16568,5388,12711,16508,0.1554,0.4779,0.3667,0.8446,0.3177,0.2044,0.3993,-0.1801,0,0.9107,0,5.78,Normal,0.0578,5.78,Normal,Normal Workflow,Normal administrative progression (Risk Score: 5.8). Features align with standard state baselines.
2026-05,Telangana,655249,651822,3427,231456,231456,231456,329367,94426,231456,0.5027,0.3532,0.1441,0.4973,0.0,0.6468,0.0,-0.8901,0,0.9895,0,58.87,Attention,0.5887,58.87,Attention,Backlog Accumulation,"Attention (Score: 58.9): Expanding unresolved backlog (Pending Rate: 50.3%, MoM Growth: +0 claims)."
2026-05,Tripura,201122,201055,67,153686,134761,132285,365,68472,131680,0.0018,0.6577,0.3405,0.9982,0.1064,0.2359,0.1393,-0.2637,-118809,0.9993,0,22.71,Normal,0.2271,22.71,Normal,Normal Workflow,Normal administrative progression (Risk Score: 22.7). Features align with standard state baselines.
2026-05,Uttar Pradesh,94166,92972,1194,94166,94166,23430,0,70736,23430,0.0,0.2488,0.7512,1.0,0.7512,0.0,0.7512,1.0464,0,0.9746,0,1.32,Normal,0.0132,1.32,Normal,Normal Workflow,Normal administrative progression (Risk Score: 1.3). Features align with standard state baselines.
2026-05,Uttarakhand,6897,3795,3102,0,0,0,199,6698,84,0.0289,0.0,0.9711,0.9711,0.0,1.0,0.0,1.7478,73,0.1005,0,25.76,Normal,0.2576,25.76,Normal,Normal Workflow,Normal administrative progression (Risk Score: 25.8). Features align with standard state baselines.
2026-05,West Bengal,142081,131962,10119,52610,51897,45130,364,96587,45130,0.0026,0.3176,0.6798,0.9974,0.0526,0.6297,0.1422,0.8186,0,0.8576,0,14.03,Normal,0.1403,14.03,Normal,Normal Workflow,Normal administrative progression (Risk Score: 14.0). Features align with standard state baselines.
2026-06,Andhra Pradesh,288409,285115,3294,288409,288409,228489,1525,58395,228489,0.0053,0.7922,0.2025,0.9947,0.2078,0.0,0.2078,-0.3328,0,0.9772,0,13.38,Normal,0.1338,13.38,Normal,Normal Workflow,Normal administrative progression (Risk Score: 13.4). Features align with standard state baselines.
2026-06,Assam,216644,208062,8582,105737,81141,81141,119124,16379,87436,0.5499,0.3745,0.0756,0.4501,0.1135,0.5119,0.2326,-0.8051,0,0.9208,0,26.65,Normal,0.2665,26.65,Normal,Normal Workflow,Normal administrative progression (Risk Score: 26.6). Features align with standard state baselines.
2026-06,Bihar,4696,4696,0,4696,191,21,179,4496,191,0.0381,0.0045,0.9574,0.9619,0.9955,0.0,0.9955,2.4764,0,1.0,0,31.65,Normal,0.3165,31.65,Normal,Normal Workflow,Normal administrative progression (Risk Score: 31.6). Features align with standard state baselines.
2026-06,Chhattisgarh,947479,890220,57259,843086,841839,534521,6171,406787,534068,0.0065,0.5642,0.4293,0.9935,0.3257,0.1102,0.366,0.5111,0,0.8791,0,68.99,High Risk,0.6899,68.99,High Risk,Administrative Bottleneck,High Risk (Score: 69.0): High administrative bottleneck in processing pipeline (Workflow Bottleneck Rate: 32.6%).
2026-06,Goa,0,0,0,0,0,0,0,0,0,0.0,0.0,0.0,0.0,0.0,0.0,0.0,-1.0864,-5060,0.0,0,39.13,Normal,0.3913,39.13,Normal,Normal Workflow,Normal administrative progression (Risk Score: 39.1). Features align with standard state baselines.
2026-06,Gujarat,190242,183055,7187,186192,119410,103524,84387,2331,103524,0.4436,0.5442,0.0123,0.5564,0.4345,0.0213,0.444,-1.0406,0,0.9244,0,10.48,Normal,0.1048,10.48,Normal,Normal Workflow,Normal administrative progression (Risk Score: 10.5). Features align with standard state baselines.
2026-06,Himachal Pradesh,0,0,0,0,0,0,0,0,0,0.0,0.0,0.0,0.0,0.0,0.0,0.0,-1.0864,-5814,0.0,0,39.05,Normal,0.3905,39.05,Normal,Normal Workflow,Normal administrative progression (Risk Score: 39.0). Features align with standard state baselines.
2026-06,J&K,46090,33233,12857,0,0,0,38893,7197,6020,0.8438,0.0,0.1562,0.1562,0.0,1.0,0.0,-0.5051,32727,0.4421,0,38.91,Normal,0.3891,38.91,Normal,Normal Workflow,Normal administrative progression (Risk Score: 38.9). Features align with standard state baselines.
2026-06,Jharkhand,110756,107032,3724,63596,59930,59866,22783,28107,61970,0.2057,0.5405,0.2538,0.7943,0.0337,0.4258,0.0587,-0.1419,2185,0.9328,0,16.62,Normal,0.1662,16.62,Normal,Normal Workflow,Normal administrative progression (Risk Score: 16.6). Features align with standard state baselines.
2026-06,Karnataka,0,0,0,0,0,0,0,0,0,0.0,0.0,0.0,0.0,0.0,0.0,0.0,-1.0864,-15850,0.0,0,42.08,Attention,0.4208,42.08,Attention,Volume Anomaly,Attention (Score: 42.1): Outlier pattern detected in overall claim volume or disposition rates.
2026-06,Kerala,45598,44580,1018,40632,31209,30203,2179,13216,29807,0.0478,0.6624,0.2898,0.9522,0.2287,0.1089,0.2567,-0.008,0,0.9553,0,5.91,Normal,0.0591,5.91,Normal,Normal Workflow,Normal administrative progression (Risk Score: 5.9). Features align with standard state baselines.
2026-06,Madhya Pradesh,807405,766430,40975,807405,807405,289461,273457,244487,289461,0.3387,0.3585,0.3028,0.6613,0.6415,0.0,0.6415,0.0404,0,0.8985,0,76.92,High Risk,0.7692,76.92,High Risk,Administrative Bottleneck,High Risk (Score: 76.9): High administrative bottleneck in processing pipeline (Workflow Bottleneck Rate: 64.1%).
2026-06,Maharashtra,409156,397897,11259,374165,174066,174066,62459,172631,208335,0.1527,0.4254,0.4219,0.8473,0.4891,0.0855,0.5348,0.4836,62459,0.945,0,27.92,Normal,0.2792,27.92,Normal,Normal Workflow,Normal administrative progression (Risk Score: 27.9). Features align with standard state baselines.
2026-06,Odisha,769977,733158,36819,582159,500189,484481,139151,146345,473936,0.1807,0.6292,0.1901,0.8193,0.1269,0.2439,0.1678,-0.379,0,0.9044,0,52.41,Attention,0.5241,52.41,Attention,Imbalanced Filing,Attention (Score: 52.4): High structural imbalance between individual and community claim processing.
2026-06,Rajasthan,118375,113162,5213,76333,63849,51766,688,65921,51766,0.0058,0.4373,0.5569,0.9942,0.2075,0.3552,0.3218,0.986,0,0.9119,0,8.05,Normal,0.0805,8.05,Normal,Normal Workflow,Normal administrative progression (Risk Score: 8.1). Features align with standard state baselines.
2026-06,Tamil Nadu,34667,33119,1548,27582,16972,16568,5388,12711,16508,0.1554,0.4779,0.3667,0.8446,0.3177,0.2044,0.3993,0.2782,0,0.9107,0,8.18,Normal,0.0818,8.18,Normal,Normal Workflow,Normal administrative progression (Risk Score: 8.2). Features align with standard state baselines.
2026-06,Telangana,655249,651822,3427,655249,655249,231456,329367,94426,231456,0.5027,0.3532,0.1441,0.4973,0.6468,0.0,0.6468,-0.5502,0,0.9895,0,61.07,Attention,0.6107,61.07,Attention,Administrative Bottleneck,Attention (Score: 61.1): High administrative bottleneck in processing pipeline (Workflow Bottleneck Rate: 64.7%).
2026-06,Tripura,201122,201055,67,153686,134761,132285,367,68470,131680,0.0018,0.6577,0.3404,0.9982,0.1064,0.2359,0.1393,0.1803,2,0.9993,0,18.49,Normal,0.1849,18.49,Normal,Normal Workflow,Normal administrative progression (Risk Score: 18.5). Features align with standard state baselines.
2026-06,Uttar Pradesh,94166,92972,1194,94166,94166,23430,0,70736,23430,0.0,0.2488,0.7512,1.0,0.7512,0.0,0.7512,1.709,0,0.9746,0,12.07,Normal,0.1207,12.07,Normal,Normal Workflow,Normal administrative progression (Risk Score: 12.1). Features align with standard state baselines.
2026-06,Uttarakhand,6928,3809,3119,0,0,0,6928,0,9788,1.0,0.0,0.0,0.0,0.0,1.0,0.0,-1.0864,6729,0.0996,0,51.6,Attention,0.516,51.6,Attention,Backlog Accumulation,"Attention (Score: 51.6): Expanding unresolved backlog (Pending Rate: 100.0%, MoM Growth: +6,729 claims)."
2026-06,West Bengal,142081,131962,10119,52610,51897,45130,364,96587,45130,0.0026,0.3176,0.6798,0.9974,0.0526,0.6297,0.1422,1.4433,0,0.8576,0,20.29,Normal,0.2029,20.29,Normal,Normal Workflow,Normal administrative progression (Risk Score: 20.3). Features align with standard state baselines.
