Month,State,Total_Claims_Received,Individual_Claims,Community_Claims,Claims_Recommended_SDLC,Claims_Recommended_DLC,Approved_Claims,Pending_Claims,Rejected_Claims,Titles_Distributed,Pending_Rate,Approval_Rate,Rejection_Rate,Disposal_Rate,Workflow_Bottleneck_Rate,SDLC_Dropoff_Rate,DLC_Dropoff_Rate,Rejection_Anomaly_Score,Pending_Backlog_Growth,Individual_vs_Community_Imbalance,Data_Inconsistency_Flag,Risk_Score,Risk_Level,anomaly_score,ML_Risk_Score,ML_Risk_Level,Anomaly_Type,AI_Explanation
2025-01,Andhra Pradesh,288164,284870,3294,269725,231336,228256,1504,58404,228256,0.0052192501492205,0.79210449605086,0.2026762537999195,0.9947807498507796,0.0,0.0639878680195999,0.1423264435999629,-0.6582417205487106,0.0,86.45523520485584,0,34.82,Normal,0.3482,34.82,Normal,Normal Workflow,Normal administrative progression (Risk Score: 34.8). Features align with standard state baselines.
2025-01,Assam,155011,148965,6046,0,0,0,155011,0,58802,1.0,0.0,0.0,0.0,0.0,1.0,0.0,-1.3260648180313022,0.0,24.63452951876964,1,80.92,High Risk,0.8092,80.92,High Risk,Data Discrepancy,High Risk (Score: 80.9): Operational data contradiction flagged. Official counts show mathematical inconsistency across claims received vs approved/rejected totals.
2025-01,Bihar,8022,8022,0,0,0,0,3807,4215,121,0.4745699326851159,0.0,0.5254300673148841,0.5254300673148841,0.0,1.0,0.0,0.4052398044190063,0.0,8022.0,1,100.0,High Risk,1.0,100.0,High Risk,Data Discrepancy,High Risk (Score: 100.0): Operational data contradiction flagged. Official counts show mathematical inconsistency across claims received vs approved/rejected totals.
2025-01,Chhattisgarh,941977,888028,53949,804383,793307,529205,12123,400649,527833,0.0128697409809369,0.5618024643913812,0.425327794627682,0.9871302590190631,0.0025925680974291,0.1460693838596908,0.0137695600230238,0.0754004248288904,0.0,16.46020389249305,0,100.0,High Risk,1.0,100.0,High Risk,Rejection Spike,High Risk (Score: 100.0): High claim rejection rate (42.5%) deviating from national monthly baseline.
2025-01,Goa,10136,9758,378,4579,2186,1772,8230,134,871,0.8119573796369376,0.1748224151539068,0.0132202052091554,0.1880426203630623,0.5084650112866818,0.5482438831886346,0.522603188469098,-1.2825039260836475,0.0,25.7467018469657,0,67.63,High Risk,0.6763,67.63,High Risk,Administrative Bottleneck,High Risk (Score: 67.6): High administrative bottleneck in processing pipeline (Workflow Bottleneck Rate: 50.8%).
2025-01,Gujarat,190056,182869,7187,186192,118987,103080,84644,2332,103080,0.4453634718188323,0.5423664604116681,0.0122700677694995,0.5546365281811677,0.0,0.0203308498547796,0.3609446163100455,-1.2856346516427042,0.0,25.440873678352812,0,42.36,Attention,0.4236,42.36,Attention,Administrative Bottleneck,Attention (Score: 42.4): High administrative bottleneck in processing pipeline (Workflow Bottleneck Rate: 0.0%).
2025-01,Himachal Pradesh,5419,4880,539,2861,1121,659,4706,54,659,0.8684259088392693,0.1216091529802546,0.0099649381804761,0.1315740911607307,0.0,0.4720428123269976,0.6081789584061517,-1.2932301086998494,0.0,9.037037037037036,0,51.3,Attention,0.513,51.3,Attention,Administrative Bottleneck,Attention (Score: 51.3): High administrative bottleneck in processing pipeline (Workflow Bottleneck Rate: 0.0%).
2025-01,Jammu & Kashmir,46090,33233,12857,0,0,4505,1661,39924,6020,0.0360381861575179,0.0977435452375786,0.8662182686049035,0.963961813842482,0.0,1.0,0.0,1.528145067882644,0.0,2.5846165811168142,1,63.01,Attention,0.6301,63.01,Attention,Data Discrepancy,Attention (Score: 63.0): Operational data contradiction flagged. Official counts show mathematical inconsistency across claims received vs approved/rejected totals.
2025-01,Jharkhand,110756,107032,3724,71636,65731,62051,20598,28107,61970,0.1859763805121167,0.560249557586045,0.2537740619018382,0.8140236194878833,0.001305377834362,0.353208855502185,0.0824306214752359,-0.4898732223087454,0.0,28.733422818791947,0,14.32,Normal,0.1432,14.32,Normal,Normal Workflow,Normal administrative progression (Risk Score: 14.3). Features align with standard state baselines.
2025-01,Karnataka,294489,288549,5940,113013,17577,16326,24894,253269,16326,0.0845328687998533,0.0554384034717765,0.8600287277283701,0.9154671312001468,0.0,0.6162403349530883,0.8444692203551803,1.5077503828484409,0.0,48.569096111765695,0,75.38,High Risk,0.7538,75.38,High Risk,Administrative Bottleneck,High Risk (Score: 75.4): High administrative bottleneck in processing pipeline (Workflow Bottleneck Rate: 0.0%).
2025-01,Kerala,45446,44455,991,40480,30801,29842,2627,12977,29400,0.0578048673150552,0.6566474497205474,0.2855476829643973,0.9421951326849448,0.0148113397225387,0.1092725432381287,0.2391057312252964,-0.3851783819492838,0.0,44.81350806451613,0,16.84,Normal,0.1684,16.84,Normal,Normal Workflow,Normal administrative progression (Risk Score: 16.8). Features align with standard state baselines.
2025-01,Madhya Pradesh,627513,585326,42187,627513,627513,305106,0,322407,294877,0.0,0.4862146282228416,0.5137853717771584,1.0,0.0335260532405131,0.0,0.0,0.3668702544720124,0.0,13.874229638759838,0,87.61,High Risk,0.8761,87.61,High Risk,Rejection Spike,High Risk (Score: 87.6): High claim rejection rate (51.4%) deviating from national monthly baseline.
2025-01,Maharashtra,409156,397897,11259,374165,174066,208681,27844,172631,208335,0.0680522832367116,0.5100279599956985,0.4219197567675898,0.9319477167632884,0.0016580330744054,0.0855199483815464,0.534788128232197,0.0641708586740339,0.0,35.33721136767318,0,50.83,Attention,0.5083,50.83,Attention,Administrative Bottleneck,Attention (Score: 50.8): High administrative bottleneck in processing pipeline (Workflow Bottleneck Rate: 0.2%).
2025-01,Odisha,720019,691757,28262,575499,494042,478526,96857,144636,469648,0.1345200612761607,0.6646019063385827,0.2008780323852565,0.8654799387238392,0.0185528059081429,0.2007169255255764,0.1415415144074968,-0.6641669030631124,0.0,24.47571029260871,0,85.23,High Risk,0.8523,85.23,High Risk,Imbalanced Filing,High Risk (Score: 85.2): High structural imbalance between individual and community claim processing.
2025-01,Rajasthan,118375,113162,5213,76333,63849,51766,688,65921,51766,0.0058120380147835,0.4373051742344245,0.556882787750792,0.9941879619852164,0.0,0.3551594508975713,0.163546565705527,0.5088772695484828,0.0,21.70349060222478,0,9.94,Normal,0.0994,9.94,Normal,Normal Workflow,Normal administrative progression (Risk Score: 9.9). Features align with standard state baselines.
2025-01,Tamil Nadu,34667,33119,1548,27582,16972,16568,5388,12711,16508,0.1554215824847838,0.477918481553062,0.3666599359621542,0.8445784175152162,0.0036214389183969,0.2043730348746646,0.3846711623522587,-0.1179115708396382,0.0,21.38089089735313,0,17.18,Normal,0.1718,17.18,Normal,Normal Workflow,Normal administrative progression (Risk Score: 17.2). Features align with standard state baselines.
2025-01,Telangana,655249,651822,3427,231456,231456,231456,329367,94426,231456,0.5026592944056382,0.3532336562131342,0.1441070493812276,0.4973407055943618,0.0,0.6467663437868657,0.0,-0.8512286481174174,0.0,190.14644107351225,0,70.02,High Risk,0.7002,70.02,High Risk,Backlog Accumulation,"High Risk (Score: 70.0): Expanding unresolved backlog (Pending Rate: 50.3%, MoM Growth: +0.0 claims)."
2025-01,Tripura,200721,200557,164,153257,136437,131793,80,68848,128032,0.000398563179737,0.6565979643385595,0.3430034724817035,0.9996014368202628,0.0285371757225345,0.2364675345379905,0.1097502887306941,-0.1958601830761483,0.0,1215.4969696969697,0,32.38,Normal,0.3238,32.38,Normal,Normal Workflow,Normal administrative progression (Risk Score: 32.4). Features align with standard state baselines.
2025-01,Uttar Pradesh,93739,92577,1162,83646,23479,18910,68,74761,18910,0.000725418449098,0.2017303363594662,0.7975442451914357,0.999274581550902,0.0,0.1076713000992116,0.7193051670133659,1.3018625203581138,0.0,79.60189165950129,0,51.35,Attention,0.5135,51.35,Attention,Administrative Bottleneck,Attention (Score: 51.4): High administrative bottleneck in processing pipeline (Workflow Bottleneck Rate: 0.0%).
2025-01,Uttarakhand,6678,3587,3091,0,0,0,185,6493,185,0.0277029050613956,0.0,0.9722970949386044,0.9722970949386044,0.0,1.0,0.0,1.8776773344964952,0.0,1.160090556274256,1,43.16,Attention,0.4316,43.16,Attention,Data Discrepancy,Attention (Score: 43.2): Operational data contradiction flagged. Official counts show mathematical inconsistency across claims received vs approved/rejected totals.
2025-01,West Bengal,142081,131962,10119,52610,51897,45130,364,96587,45130,0.0025619189054131,0.3176357148387188,0.6798023662558681,0.9974380810945868,0.0,0.629718259302792,0.0135525565481847,0.9139002168324388,0.0,13.039723320158105,0,32.1,Normal,0.321,32.1,Normal,Normal Workflow,Normal administrative progression (Risk Score: 32.1). Features align with standard state baselines.
2025-02,Andhra Pradesh,288381,285087,3294,267906,231553,228473,1498,58410,228473,0.0051945169758063,0.7922609325857113,0.2025445504384824,0.9948054830241936,0.0,0.0709998231506236,0.135693116242264,-0.675582966679479,-0.0039893617021276,86.52109256449165,0,28.79,Normal,0.2879,28.79,Normal,Normal Workflow,Normal administrative progression (Risk Score: 28.8). Features align with standard state baselines.
2025-02,Assam,155011,148965,6046,0,0,0,155011,0,58802,1.0,0.0,0.0,0.0,0.0,1.0,0.0,-1.3020827253786376,0.0,24.63452951876964,1,88.34,High Risk,0.8834,88.34,High Risk,Data Discrepancy,High Risk (Score: 88.3): Operational data contradiction flagged. Official counts show mathematical inconsistency across claims received vs approved/rejected totals.
2025-02,Bihar,4696,4696,0,4696,4696,200,0,4496,191,0.0,0.0425894378194207,0.9574105621805792,1.0,0.045,0.0,0.0,1.659327418136122,-1.0,4696.0,0,73.25,High Risk,0.7325,73.25,High Risk,Rejection Spike,High Risk (Score: 73.2): High claim rejection rate (95.7%) deviating from national monthly baseline.
2025-02,Chhattisgarh,941977,888028,53949,804383,793307,529205,12123,400649,527833,0.0128697409809369,0.5618024643913812,0.425327794627682,0.9871302590190631,0.0025925680974291,0.1460693838596908,0.0137695600230238,0.0135180159171428,0.0,16.46020389249305,0,100.0,High Risk,1.0,100.0,High Risk,Rejection Spike,High Risk (Score: 100.0): High claim rejection rate (42.5%) deviating from national monthly baseline.
2025-02,Goa,10136,9757,379,4660,2505,1988,7970,178,871,0.7863062352012629,0.1961325966850828,0.0175611681136543,0.2136937647987371,0.5618712273641852,0.5402525651144435,0.4624463519313305,-1.2477634777767557,-0.031591737545565,25.676315789473684,0,65.79,High Risk,0.6579,65.79,High Risk,Administrative Bottleneck,High Risk (Score: 65.8): High administrative bottleneck in processing pipeline (Workflow Bottleneck Rate: 56.2%).
2025-02,Gujarat,190056,182869,7187,186192,118987,103080,84644,2332,103080,0.4453634718188323,0.5423664604116681,0.0122700677694995,0.5546365281811677,0.0,0.0203308498547796,0.3609446163100455,-1.2641296208385648,0.0,25.440873678352812,0,42.28,Attention,0.4228,42.28,Attention,Administrative Bottleneck,Attention (Score: 42.3): High administrative bottleneck in processing pipeline (Workflow Bottleneck Rate: 0.0%).
2025-02,Himachal Pradesh,5419,4880,539,2861,1121,659,4706,54,659,0.8684259088392693,0.1216091529802546,0.0099649381804761,0.1315740911607307,0.0,0.4720428123269976,0.6081789584061517,-1.2712597219850388,0.0,9.037037037037036,0,51.3,Attention,0.513,51.3,Attention,Administrative Bottleneck,Attention (Score: 51.3): High administrative bottleneck in processing pipeline (Workflow Bottleneck Rate: 0.0%).
2025-02,Jammu & Kashmir,46090,33233,12857,0,0,4505,1661,39924,6020,0.0360381861575179,0.0977435452375786,0.8662182686049035,0.963961813842482,0.0,1.0,0.0,1.3772563883468707,0.0,2.5846165811168142,1,31.91,Normal,0.3191,31.91,Normal,Normal Workflow,Normal administrative progression (Risk Score: 31.9). Features align with standard state baselines.
2025-02,Jharkhand,110756,107032,3724,71636,65731,62051,20598,28107,61970,0.1859763805121167,0.560249557586045,0.2537740619018382,0.8140236194878833,0.001305377834362,0.353208855502185,0.0824306214752359,-0.5171226353568829,0.0,28.733422818791947,0,8.07,Normal,0.0807,8.07,Normal,Normal Workflow,Normal administrative progression (Risk Score: 8.1). Features align with standard state baselines.
2025-02,Karnataka,294489,288549,5940,113013,17577,16326,24894,253269,16326,0.0845328687998533,0.0554384034717765,0.8600287277283701,0.9154671312001468,0.0,0.6162403349530883,0.8444692203551803,1.3581112380221056,0.0,48.569096111765695,0,58.33,Attention,0.5833,58.33,Attention,Administrative Bottleneck,Attention (Score: 58.3): High administrative bottleneck in processing pipeline (Workflow Bottleneck Rate: 0.0%).
2025-02,Kerala,45446,44455,991,40480,30801,29842,2627,12977,29400,0.0578048673150552,0.6566474497205474,0.2855476829643973,0.9421951326849448,0.0148113397225387,0.1092725432381287,0.2391057312252964,-0.4188422032958992,0.0,44.81350806451613,0,15.12,Normal,0.1512,15.12,Normal,Normal Workflow,Normal administrative progression (Risk Score: 15.1). Features align with standard state baselines.
2025-02,Madhya Pradesh,627513,585326,42187,627513,627513,305106,0,322407,294877,0.0,0.4862146282228416,0.5137853717771584,1.0,0.0335260532405131,0.0,0.0,0.2871301699804591,0.0,13.874229638759838,0,60.06,Attention,0.6006,60.06,Attention,Rejection Spike,Attention (Score: 60.1): High claim rejection rate (51.4%) deviating from national monthly baseline.
2025-02,Maharashtra,409156,397897,11259,374165,174066,208681,27844,172631,208335,0.0680522832367116,0.5100279599956985,0.4219197567675898,0.9319477167632884,0.0016580330744054,0.0855199483815464,0.534788128232197,0.0029764590479847,0.0,35.33721136767318,0,29.24,Normal,0.2924,29.24,Normal,Normal Workflow,Normal administrative progression (Risk Score: 29.2). Features align with standard state baselines.
2025-02,Odisha,723841,691948,31893,576030,494786,479097,100108,144636,470109,0.1383010909854512,0.6618815458090934,0.1998173632054553,0.8616989090145488,0.0187602928008315,0.20420368561604,0.1410412652118813,-0.6840185535156592,0.0335649462609826,21.695240484103593,0,76.58,High Risk,0.7658,76.58,High Risk,Imbalanced Filing,High Risk (Score: 76.6): High structural imbalance between individual and community claim processing.
2025-02,Rajasthan,118375,113162,5213,76333,63849,51766,688,65921,51766,0.0058120380147835,0.4373051742344245,0.556882787750792,0.9941879619852164,0.0,0.3551594508975713,0.163546565705527,0.4204367469759207,0.0,21.70349060222478,0,0.0,Normal,0.0,0.0,Normal,Normal Workflow,Normal administrative progression (Risk Score: 0.0). Features align with standard state baselines.
2025-02,Tamil Nadu,34667,33119,1548,27582,16972,16568,5388,12711,16508,0.1554215824847838,0.477918481553062,0.3666599359621542,0.8445784175152162,0.0036214389183969,0.2043730348746646,0.3846711623522587,-0.167950205359504,0.0,21.38089089735313,0,7.34,Normal,0.0734,7.34,Normal,Normal Workflow,Normal administrative progression (Risk Score: 7.3). Features align with standard state baselines.
2025-02,Telangana,655249,651822,3427,231456,231456,231456,329367,94426,231456,0.5026592944056382,0.3532336562131342,0.1441070493812276,0.4973407055943618,0.0,0.6467663437868657,0.0,-0.8563386583635741,0.0,190.14644107351225,0,59.75,Attention,0.5975,59.75,Attention,Backlog Accumulation,"Attention (Score: 59.8): Expanding unresolved backlog (Pending Rate: 50.3%, MoM Growth: +0.0 claims)."
2025-02,Tripura,200721,200557,164,153257,136437,131793,80,68848,128032,0.000398563179737,0.6565979643385595,0.3430034724817035,0.9996014368202628,0.0285371757225345,0.2364675345379905,0.1097502887306941,-0.2411230882146232,0.0,1215.4969696969697,0,21.6,Normal,0.216,21.6,Normal,Normal Workflow,Normal administrative progression (Risk Score: 21.6). Features align with standard state baselines.
2025-02,Uttar Pradesh,94166,92972,1194,83646,23479,18910,4520,70736,23430,0.0480003398254146,0.2008155809952636,0.7511840791793216,0.9519996601745851,0.0,0.1117176050803899,0.7193051670133659,1.021438906408894,65.47058823529412,77.80083682008369,1,70.57,High Risk,0.7057,70.57,High Risk,Data Discrepancy,High Risk (Score: 70.6): Operational data contradiction flagged. Official counts show mathematical inconsistency across claims received vs approved/rejected totals.
2025-02,Uttarakhand,6678,3587,3091,0,0,0,185,6493,185,0.0277029050613956,0.0,0.9722970949386044,0.9722970949386044,0.0,1.0,0.0,1.705373629503347,0.0,1.160090556274256,1,23.83,Normal,0.2383,23.83,Normal,Normal Workflow,Normal administrative progression (Risk Score: 23.8). Features align with standard state baselines.
2025-02,West Bengal,142081,131962,10119,52610,51897,45130,364,96587,45130,0.0025619189054131,0.3176357148387188,0.6798023662558681,0.9974380810945868,0.0,0.629718259302792,0.0135525565481847,0.80064488442577,0.0,13.039723320158105,0,13.81,Normal,0.1381,13.81,Normal,Normal Workflow,Normal administrative progression (Risk Score: 13.8). Features align with standard state baselines.
2025-03,Andhra Pradesh,288381,285087,3294,267889,246960,228473,1498,58410,228473,0.0051945169758063,0.7922609325857113,0.2025445504384824,0.9948054830241936,0.0,0.0710587729427389,0.0781256415903601,-0.6761556006045638,0.0,86.52109256449165,0,28.94,Normal,0.2894,28.94,Normal,Normal Workflow,Normal administrative progression (Risk Score: 28.9). Features align with standard state baselines.
2025-03,Assam,155011,148965,6046,0,0,0,155011,0,58802,1.0,0.0,0.0,0.0,0.0,1.0,0.0,-1.3026317578752369,0.0,24.63452951876964,1,84.9,High Risk,0.849,84.9,High Risk,Data Discrepancy,High Risk (Score: 84.9): Operational data contradiction flagged. Official counts show mathematical inconsistency across claims received vs approved/rejected totals.
2025-03,Bihar,4696,4696,0,4696,4696,200,0,4496,191,0.0,0.0425894378194207,0.9574105621805792,1.0,0.045,0.0,0.0,1.6586668237294842,0.0,4696.0,0,37.86,Normal,0.3786,37.86,Normal,Normal Workflow,Normal administrative progression (Risk Score: 37.9). Features align with standard state baselines.
2025-03,Chhattisgarh,947479,890220,57259,843086,841839,534521,6171,406787,534068,0.006513073112966,0.564150762180481,0.4293361647065528,0.993486926887034,0.0008474877507151,0.1101797506857671,0.0014790899149078,0.0253174269357469,-0.4909675822816134,15.54697869367796,0,96.74,High Risk,0.9674,96.74,High Risk,Rejection Spike,High Risk (Score: 96.7): High claim rejection rate (42.9%) deviating from national monthly baseline.
2025-03,Goa,10136,9757,379,4660,2742,2098,7859,179,871,0.7753551696921863,0.2069850039463299,0.0176598263614838,0.2246448303078137,0.5848427073403241,0.5402525651144435,0.411587982832618,-1.24800940376569,-0.0139272271016311,25.676315789473684,0,61.71,Attention,0.6171,61.71,Attention,Administrative Bottleneck,Attention (Score: 61.7): High administrative bottleneck in processing pipeline (Workflow Bottleneck Rate: 58.5%).
2025-03,Gujarat,190056,182869,7187,186192,119410,103503,84222,2331,103503,0.4431430736204066,0.5445921202171992,0.0122648061623942,0.5568569263795934,0.0,0.0203308498547796,0.3586727678955057,-1.2646963574033288,-0.0049855866925003,25.440873678352812,0,38.12,Normal,0.3812,38.12,Normal,Normal Workflow,Normal administrative progression (Risk Score: 38.1). Features align with standard state baselines.
2025-03,Himachal Pradesh,5566,4883,683,2861,1465,808,4704,54,808,0.8451311534315487,0.1451670858785483,0.0097017606899029,0.1548688465684513,0.0,0.4859863456701401,0.4879412792729815,-1.272623931238518,-0.0004249893752656,7.138888888888889,0,34.65,Normal,0.3465,34.65,Normal,Normal Workflow,Normal administrative progression (Risk Score: 34.6). Features align with standard state baselines.
2025-03,Jammu & Kashmir,46090,33233,12857,0,0,4505,1661,39924,6020,0.0360381861575179,0.0977435452375786,0.8662182686049035,0.963961813842482,0.0,1.0,0.0,1.37660642008836,0.0,2.5846165811168142,1,31.86,Normal,0.3186,31.86,Normal,Normal Workflow,Normal administrative progression (Risk Score: 31.9). Features align with standard state baselines.
2025-03,Jharkhand,110756,107032,3724,71636,65731,62051,20598,28107,61970,0.1859763805121167,0.560249557586045,0.2537740619018382,0.8140236194878833,0.001305377834362,0.353208855502185,0.0824306214752359,-0.5177012387817569,0.0,28.733422818791947,0,7.74,Normal,0.0774,7.74,Normal,Normal Workflow,Normal administrative progression (Risk Score: 7.7). Features align with standard state baselines.
2025-03,Karnataka,294489,288549,5940,113013,17577,16326,24894,253269,16326,0.0845328687998533,0.0554384034717765,0.8600287277283701,0.9154671312001468,0.0,0.6162403349530883,0.8444692203551803,1.3574619909975458,0.0,48.569096111765695,0,57.13,Attention,0.5713,57.13,Attention,Administrative Bottleneck,Attention (Score: 57.1): High administrative bottleneck in processing pipeline (Workflow Bottleneck Rate: 0.0%).
2025-03,Kerala,45446,44455,991,40480,30801,29851,2601,12994,29460,0.0572327597588346,0.6568454869515469,0.2859217532896184,0.9427672402411652,0.0130983886636963,0.1092725432381287,0.2391057312252964,-0.4182674987865801,-0.0098972211648268,44.81350806451613,0,14.25,Normal,0.1425,14.25,Normal,Normal Workflow,Normal administrative progression (Risk Score: 14.2). Features align with standard state baselines.
2025-03,Madhya Pradesh,627513,585326,42187,627513,627513,305106,0,322407,294877,0.0,0.4862146282228416,0.5137853717771584,1.0,0.0335260532405131,0.0,0.0,0.2865212688343073,0.0,13.874229638759838,0,55.82,Attention,0.5582,55.82,Attention,Rejection Spike,Attention (Score: 55.8): High claim rejection rate (51.4%) deviating from national monthly baseline.
2025-03,Maharashtra,409156,397897,11259,374165,174066,208681,27844,172631,208335,0.0680522832367116,0.5100279599956985,0.4219197567675898,0.9319477167632884,0.0016580330744054,0.0855199483815464,0.534788128232197,0.0023782625084898,0.0,35.33721136767318,0,25.23,Normal,0.2523,25.23,Normal,Normal Workflow,Normal administrative progression (Risk Score: 25.2). Features align with standard state baselines.
2025-03,Odisha,724392,691948,32444,576206,494969,479359,100397,144636,470251,0.1385948491976719,0.661739776253741,0.1996653745485869,0.861405150802328,0.0190003734153317,0.2045660360688687,0.1409860362439821,-0.6850609749713549,0.0028868821672593,21.326799198643855,0,70.62,High Risk,0.7062,70.62,High Risk,Imbalanced Filing,High Risk (Score: 70.6): High structural imbalance between individual and community claim processing.
2025-03,Rajasthan,118375,113162,5213,76333,63849,51766,688,65921,51766,0.0058120380147835,0.4373051742344245,0.556882787750792,0.9941879619852164,0.0,0.3551594508975713,0.163546565705527,0.4198228239193851,0.0,21.70349060222478,0,0.0,Normal,0.0,0.0,Normal,Normal Workflow,Normal administrative progression (Risk Score: 0.0). Features align with standard state baselines.
2025-03,Tamil Nadu,34667,33119,1548,27582,16972,16568,5388,12711,16508,0.1554215824847838,0.477918481553062,0.3666599359621542,0.8445784175152162,0.0036214389183969,0.2043730348746646,0.3846711623522587,-0.168541962768911,0.0,21.38089089735313,0,6.55,Normal,0.0655,6.55,Normal,Normal Workflow,Normal administrative progression (Risk Score: 6.5). Features align with standard state baselines.
2025-03,Telangana,655249,651822,3427,231456,231456,231456,329367,94426,231456,0.5026592944056382,0.3532336562131342,0.1441070493812276,0.4973407055943618,0.0,0.6467663437868657,0.0,-0.8569044828805603,0.0,190.14644107351225,0,57.61,Attention,0.5761,57.61,Attention,Backlog Accumulation,"Attention (Score: 57.6): Expanding unresolved backlog (Pending Rate: 50.3%, MoM Growth: +0.0 claims)."
2025-03,Tripura,200721,200557,164,153257,136437,131793,80,68848,128032,0.000398563179737,0.6565979643385595,0.3430034724817035,0.9996014368202628,0.0285371757225345,0.2364675345379905,0.1097502887306941,-0.2417120890634125,0.0,1215.4969696969697,0,20.57,Normal,0.2057,20.57,Normal,Normal Workflow,Normal administrative progression (Risk Score: 20.6). Features align with standard state baselines.
2025-03,Uttar Pradesh,94166,92972,1194,83646,23479,18910,4520,70736,23430,0.0480003398254146,0.2008155809952636,0.7511840791793216,0.9519996601745851,0.0,0.1117176050803899,0.7193051670133659,1.020802342466566,0.0,77.80083682008369,1,25.2,Normal,0.252,25.2,Normal,Normal Workflow,Normal administrative progression (Risk Score: 25.2). Features align with standard state baselines.
2025-03,Uttarakhand,6678,3587,3091,0,0,0,185,6493,185,0.0277029050613956,0.0,0.9722970949386044,0.9722970949386044,0.0,1.0,0.0,1.7047113004490104,0.0,1.160090556274256,1,23.67,Normal,0.2367,23.67,Normal,Normal Workflow,Normal administrative progression (Risk Score: 23.7). Features align with standard state baselines.
2025-03,West Bengal,142081,131962,10119,52610,51897,45130,364,96587,45130,0.0025619189054131,0.3176357148387188,0.6798023662558681,0.9974380810945868,0.0,0.629718259302792,0.0135525565481847,0.800016638211019,0.0,13.039723320158105,0,13.77,Normal,0.1377,13.77,Normal,Normal Workflow,Normal administrative progression (Risk Score: 13.8). Features align with standard state baselines.
2025-04,Andhra Pradesh,288392,285098,3294,267889,246960,228473,1509,58410,228473,0.0052324613720214,0.7922307137507282,0.2025368248772504,0.9947675386279786,0.0,0.0710942051097117,0.0781256415903601,-0.6761501807800349,0.007343124165554,86.52443095599394,0,28.31,Normal,0.2831,28.31,Normal,Normal Workflow,Normal administrative progression (Risk Score: 28.3). Features align with standard state baselines.
2025-04,Assam,155011,148965,6046,0,0,0,155011,0,58802,1.0,0.0,0.0,0.0,0.0,1.0,0.0,-1.3025960729224315,0.0,24.63452951876964,1,84.63,High Risk,0.8463,84.63,High Risk,Data Discrepancy,High Risk (Score: 84.6): Operational data contradiction flagged. Official counts show mathematical inconsistency across claims received vs approved/rejected totals.
2025-04,Bihar,4696,4696,0,4696,4696,200,0,4496,191,0.0,0.0425894378194207,0.9574105621805792,1.0,0.045,0.0,0.0,1.6586723983062497,0.0,4696.0,0,37.93,Normal,0.3793,37.93,Normal,Normal Workflow,Normal administrative progression (Risk Score: 37.9). Features align with standard state baselines.
2025-04,Chhattisgarh,947479,890220,57259,843086,841839,534521,6171,406787,534068,0.006513073112966,0.564150762180481,0.4293361647065528,0.993486926887034,0.0008474877507151,0.1101797506857671,0.0014790899149078,0.0253396093496441,0.0,15.54697869367796,0,61.27,Attention,0.6127,61.27,Attention,Rejection Spike,Attention (Score: 61.3): High claim rejection rate (42.9%) deviating from national monthly baseline.
2025-04,Goa,10136,9757,379,4660,2742,2098,7859,179,871,0.7753551696921863,0.2069850039463299,0.0176598263614838,0.2246448303078137,0.5848427073403241,0.5402525651144435,0.411587982832618,-1.2479742742109905,0.0,25.676315789473684,0,60.67,Attention,0.6067,60.67,Attention,Administrative Bottleneck,Attention (Score: 60.7): High administrative bottleneck in processing pipeline (Workflow Bottleneck Rate: 58.5%).
2025-04,Gujarat,190056,182869,7187,186192,119410,103503,84222,2331,103503,0.4431430736204066,0.5445921202171992,0.0122648061623942,0.5568569263795934,0.0,0.0203308498547796,0.3586727678955057,-1.2646610581762927,0.0,25.440873678352812,0,36.56,Normal,0.3656,36.56,Normal,Normal Workflow,Normal administrative progression (Risk Score: 36.6). Features align with standard state baselines.
2025-04,Himachal Pradesh,5566,4883,683,2861,1465,808,4704,54,808,0.8451311534315487,0.1451670858785483,0.0097017606899029,0.1548688465684513,0.0,0.4859863456701401,0.4879412792729815,-1.2725885514042004,0.0,7.138888888888889,0,33.17,Normal,0.3317,33.17,Normal,Normal Workflow,Normal administrative progression (Risk Score: 33.2). Features align with standard state baselines.
2025-04,Jammu & Kashmir,46090,33233,12857,0,0,4505,1661,39924,6020,0.0360381861575179,0.0977435452375786,0.8662182686049035,0.963961813842482,0.0,1.0,0.0,1.3766148626450287,0.0,2.5846165811168142,1,31.63,Normal,0.3163,31.63,Normal,Normal Workflow,Normal administrative progression (Risk Score: 31.6). Features align with standard state baselines.
2025-04,Jharkhand,110756,107032,3724,71636,65731,62051,20598,28107,61970,0.1859763805121167,0.560249557586045,0.2537740619018382,0.8140236194878833,0.001305377834362,0.353208855502185,0.0824306214752359,-0.5176735349738596,0.0,28.733422818791947,0,7.74,Normal,0.0774,7.74,Normal,Normal Workflow,Normal administrative progression (Risk Score: 7.7). Features align with standard state baselines.
2025-04,Karnataka,294489,288549,5940,113013,17577,16326,24894,253269,16326,0.0845328687998533,0.0554384034717765,0.8600287277283701,0.9154671312001468,0.0,0.6162403349530883,0.8444692203551803,1.3574706282140716,0.0,48.569096111765695,0,57.13,Attention,0.5713,57.13,Attention,Administrative Bottleneck,Attention (Score: 57.1): High administrative bottleneck in processing pipeline (Workflow Bottleneck Rate: 0.0%).
2025-04,Kerala,45469,44455,1014,40480,30801,29851,2624,12994,29481,0.0577096483318304,0.6565132287932437,0.2857771228749258,0.9422903516681695,0.0123948946433955,0.1097231080516395,0.2391057312252964,-0.4186881475277803,0.0088427527873894,43.79802955665025,0,12.64,Normal,0.1264,12.64,Normal,Normal Workflow,Normal administrative progression (Risk Score: 12.6). Features align with standard state baselines.
2025-04,Madhya Pradesh,627513,585326,42187,627513,627513,305106,0,322407,294877,0.0,0.4862146282228416,0.5137853717771584,1.0,0.0335260532405131,0.0,0.0,0.2865407953370608,0.0,13.874229638759838,0,55.82,Attention,0.5582,55.82,Attention,Rejection Spike,Attention (Score: 55.8): High claim rejection rate (51.4%) deviating from national monthly baseline.
2025-04,Maharashtra,409156,397897,11259,374165,174066,208681,27844,172631,208335,0.0680522832367116,0.5100279599956985,0.4219197567675898,0.9319477167632884,0.0016580330744054,0.0855199483815464,0.534788128232197,0.0024006781669747,0.0,35.33721136767318,0,25.3,Normal,0.253,25.3,Normal,Normal Workflow,Normal administrative progression (Risk Score: 25.3). Features align with standard state baselines.
2025-04,Odisha,724392,691948,32444,576206,494969,479359,100397,144636,470251,0.1385948491976719,0.661739776253741,0.1996653745485869,0.861405150802328,0.0190003734153317,0.2045660360688687,0.1409860362439821,-0.6850315694557602,0.0,21.326799198643855,0,70.62,High Risk,0.7062,70.62,High Risk,Imbalanced Filing,High Risk (Score: 70.6): High structural imbalance between individual and community claim processing.
2025-04,Rajasthan,118375,113162,5213,76333,63849,51766,688,65921,51766,0.0058120380147835,0.4373051742344245,0.556882787750792,0.9941879619852164,0.0,0.3551594508975713,0.163546565705527,0.4198409950167853,0.0,21.70349060222478,0,0.0,Normal,0.0,0.0,Normal,Normal Workflow,Normal administrative progression (Risk Score: 0.0). Features align with standard state baselines.
2025-04,Tamil Nadu,34667,33119,1548,27582,16972,16568,5388,12711,16508,0.1554215824847838,0.477918481553062,0.3666599359621542,0.8445784175152162,0.0036214389183969,0.2043730348746646,0.3846711623522587,-0.1685178091998054,0.0,21.38089089735313,0,6.55,Normal,0.0655,6.55,Normal,Normal Workflow,Normal administrative progression (Risk Score: 6.5). Features align with standard state baselines.
2025-04,Telangana,655249,651822,3427,231456,231456,231456,329367,94426,231456,0.5026592944056382,0.3532336562131342,0.1441070493812276,0.4973407055943618,0.0,0.6467663437868657,0.0,-0.8568733300664407,0.0,190.14644107351225,0,57.61,Attention,0.5761,57.61,Attention,Backlog Accumulation,"Attention (Score: 57.6): Expanding unresolved backlog (Pending Rate: 50.3%, MoM Growth: +0.0 claims)."
2025-04,Tripura,200721,200557,164,153257,136437,131793,80,68848,128032,0.000398563179737,0.6565979643385595,0.3430034724817035,0.9996014368202628,0.0285371757225345,0.2364675345379905,0.1097502887306941,-0.2416871915031298,0.0,1215.4969696969697,0,20.57,Normal,0.2057,20.57,Normal,Normal Workflow,Normal administrative progression (Risk Score: 20.6). Features align with standard state baselines.
2025-04,Uttar Pradesh,94166,92972,1194,83646,23479,18910,4520,70736,23430,0.0480003398254146,0.2008155809952636,0.7511840791793216,0.9519996601745851,0.0,0.1117176050803899,0.7193051670133659,1.020814402826127,0.0,77.80083682008369,1,25.26,Normal,0.2526,25.26,Normal,Normal Workflow,Normal administrative progression (Risk Score: 25.3). Features align with standard state baselines.
2025-04,Uttarakhand,6678,3587,3091,0,0,0,185,6493,185,0.0277029050613956,0.0,0.9722970949386044,0.9722970949386044,0.0,1.0,0.0,1.7047164068472147,0.0,1.160090556274256,1,23.67,Normal,0.2367,23.67,Normal,Normal Workflow,Normal administrative progression (Risk Score: 23.7). Features align with standard state baselines.
2025-04,West Bengal,142081,131962,10119,52610,51897,45130,364,96587,45130,0.0025619189054131,0.3176357148387188,0.6798023662558681,0.9974380810945868,0.0,0.629718259302792,0.0135525565481847,0.8000309435115733,0.0,13.039723320158105,0,13.77,Normal,0.1377,13.77,Normal,Normal Workflow,Normal administrative progression (Risk Score: 13.8). Features align with standard state baselines.
2025-05,Andhra Pradesh,288392,285098,3294,267889,246960,228473,1509,58410,228473,0.0052324613720214,0.7922307137507282,0.2025368248772504,0.9947675386279786,0.0,0.0710942051097117,0.0781256415903601,-0.6820425120525493,0.0,86.52443095599394,0,25.23,Normal,0.2523,25.23,Normal,Normal Workflow,Normal administrative progression (Risk Score: 25.2). Features align with standard state baselines.
2025-05,Assam,155011,148965,6046,0,0,0,155011,0,58802,1.0,0.0,0.0,0.0,0.0,1.0,0.0,-1.3112425253704236,0.0,24.63452951876964,1,84.95,High Risk,0.8495,84.95,High Risk,Data Discrepancy,High Risk (Score: 85.0): Operational data contradiction flagged. Official counts show mathematical inconsistency across claims received vs approved/rejected totals.
2025-05,Bihar,4696,4696,0,4696,4696,200,0,4496,191,0.0,0.0425894378194207,0.9574105621805792,1.0,0.045,0.0,0.0,1.6630449348965504,0.0,4696.0,0,41.7,Attention,0.417,41.7,Attention,Rejection Spike,Attention (Score: 41.7): High claim rejection rate (95.7%) deviating from national monthly baseline.
2025-05,Chhattisgarh,947479,890220,57259,843086,841839,534521,6171,406787,534068,0.006513073112966,0.564150762180481,0.4293361647065528,0.993486926887034,0.0008474877507151,0.1101797506857671,0.0014790899149078,0.0225313239773594,0.0,15.54697869367796,0,58.88,Attention,0.5888,58.88,Attention,Rejection Spike,Attention (Score: 58.9): High claim rejection rate (42.9%) deviating from national monthly baseline.
2025-05,Goa,10136,9757,379,4863,3423,2161,7528,447,871,0.7426992896606156,0.2132004735595895,0.0441002367797947,0.2573007103393844,0.5969458583988894,0.5202249408050513,0.2961135101789019,-1.1742409228915405,-0.0421173177249013,25.676315789473684,0,60.55,Attention,0.6055,60.55,Attention,Administrative Bottleneck,Attention (Score: 60.5): High administrative bottleneck in processing pipeline (Workflow Bottleneck Rate: 59.7%).
2025-05,Gujarat,190242,183055,7187,186192,119410,103524,84387,2331,103524,0.4435771280789731,0.5441700570851863,0.0122528148358406,0.5564228719210269,0.0,0.0212886744252057,0.3586727678955057,-1.273177984452668,0.0019591080715252,25.466750139120755,0,27.14,Normal,0.2714,27.14,Normal,Normal Workflow,Normal administrative progression (Risk Score: 27.1). Features align with standard state baselines.
2025-05,Himachal Pradesh,5566,4883,683,2861,1465,808,4704,54,808,0.8451311534315487,0.1451670858785483,0.0097017606899029,0.1548688465684513,0.0,0.4859863456701401,0.4879412792729815,-1.281103078092165,0.0,7.138888888888889,0,33.02,Normal,0.3302,33.02,Normal,Normal Workflow,Normal administrative progression (Risk Score: 33.0). Features align with standard state baselines.
2025-05,Jammu & Kashmir,46090,33233,12857,0,0,4505,1661,39924,6020,0.0360381861575179,0.0977435452375786,0.8662182686049035,0.963961813842482,0.0,1.0,0.0,1.3797473549770598,0.0,2.5846165811168142,1,31.57,Normal,0.3157,31.57,Normal,Normal Workflow,Normal administrative progression (Risk Score: 31.6). Features align with standard state baselines.
2025-05,Jharkhand,110756,107032,3724,71636,65731,62051,20598,28107,61970,0.1859763805121167,0.560249557586045,0.2537740619018382,0.8140236194878833,0.001305377834362,0.353208855502185,0.0824306214752359,-0.522869135863897,0.0,28.733422818791947,0,5.71,Normal,0.0571,5.71,Normal,Normal Workflow,Normal administrative progression (Risk Score: 5.7). Features align with standard state baselines.
2025-05,Karnataka,294489,288549,5940,113013,17577,16326,24894,253269,16326,0.0845328687998533,0.0554384034717765,0.8600287277283701,0.9154671312001468,0.0,0.6162403349530883,0.8444692203551803,1.3605189543920966,0.0,48.569096111765695,0,61.19,Attention,0.6119,61.19,Attention,Administrative Bottleneck,Attention (Score: 61.2): High administrative bottleneck in processing pipeline (Workflow Bottleneck Rate: 0.0%).
2025-05,Kerala,45469,44455,1014,40503,31047,30099,2535,12835,29704,0.0557522707778926,0.6619674943368009,0.2822802348853064,0.9442477292221074,0.0131233595800524,0.1092172689084871,0.2334641878379379,-0.4343119836931243,-0.0339176829268292,43.79802955665025,0,10.76,Normal,0.1076,10.76,Normal,Normal Workflow,Normal administrative progression (Risk Score: 10.8). Features align with standard state baselines.
2025-05,Madhya Pradesh,627513,585326,42187,627513,627513,305106,0,322407,294877,0.0,0.4862146282228416,0.5137853717771584,1.0,0.0335260532405131,0.0,0.0,0.2848808608860785,0.0,13.874229638759838,0,56.56,Attention,0.5656,56.56,Attention,Rejection Spike,Attention (Score: 56.6): High claim rejection rate (51.4%) deviating from national monthly baseline.
2025-05,Maharashtra,409156,397897,11259,374165,174066,208681,27844,172631,208335,0.0680522832367116,0.5100279599956985,0.4219197567675898,0.9319477167632884,0.0016580330744054,0.0855199483815464,0.534788128232197,-0.0005084564516781,0.0,35.33721136767318,0,26.1,Normal,0.261,26.1,Normal,Normal Workflow,Normal administrative progression (Risk Score: 26.1). Features align with standard state baselines.
2025-05,Odisha,736172,701148,35024,578061,496949,481697,109839,144636,470899,0.1492029036692512,0.6543267062588635,0.1964703900718853,0.8507970963307488,0.0224165813779201,0.2147745363855186,0.1403173713500824,-0.7008884718558642,0.0940466348596073,20.018501070663813,0,81.7,High Risk,0.817,81.7,High Risk,Imbalanced Filing,High Risk (Score: 81.7): High structural imbalance between individual and community claim processing.
2025-05,Rajasthan,118375,113162,5213,76333,63849,51766,688,65921,51766,0.0058120380147835,0.4373051742344245,0.556882787750792,0.9941879619852164,0.0,0.3551594508975713,0.163546565705527,0.4187671046395821,0.0,21.70349060222478,0,0.0,Normal,0.0,0.0,Normal,Normal Workflow,Normal administrative progression (Risk Score: 0.0). Features align with standard state baselines.
2025-05,Tamil Nadu,34667,33119,1548,27582,16972,16568,5388,12711,16508,0.1554215824847838,0.477918481553062,0.3666599359621542,0.8445784175152162,0.0036214389183969,0.2043730348746646,0.3846711623522587,-0.1721783738002682,0.0,21.38089089735313,0,5.24,Normal,0.0524,5.24,Normal,Normal Workflow,Normal administrative progression (Risk Score: 5.2). Features align with standard state baselines.
2025-05,Telangana,655249,651822,3427,231456,231456,231456,329367,94426,231456,0.5026592944056382,0.3532336562131342,0.1441070493812276,0.4973407055943618,0.0,0.6467663437868657,0.0,-0.8635601967626715,0.0,190.14644107351225,0,58.18,Attention,0.5818,58.18,Attention,Backlog Accumulation,"Attention (Score: 58.2): Expanding unresolved backlog (Pending Rate: 50.3%, MoM Growth: +0.0 claims)."
2025-05,Tripura,200721,200557,164,153257,136437,131793,80,68848,128032,0.000398563179737,0.6565979643385595,0.3430034724817035,0.9996014368202628,0.0285371757225345,0.2364675345379905,0.1097502887306941,-0.2456694396643372,0.0,1215.4969696969697,0,20.17,Normal,0.2017,20.17,Normal,Normal Workflow,Normal administrative progression (Risk Score: 20.2). Features align with standard state baselines.
2025-05,Uttar Pradesh,94166,92972,1194,83646,23479,18910,4520,70736,23430,0.0480003398254146,0.2008155809952636,0.7511840791793216,0.9519996601745851,0.0,0.1117176050803899,0.7193051670133659,1.022382645806501,0.0,77.80083682008369,1,26.82,Normal,0.2682,26.82,Normal,Normal Workflow,Normal administrative progression (Risk Score: 26.8). Features align with standard state baselines.
2025-05,Uttarakhand,6678,3587,3091,0,0,0,185,6493,185,0.0277029050613956,0.0,0.9722970949386044,0.9722970949386044,0.0,1.0,0.0,1.7092913723791323,0.0,1.160090556274256,1,25.3,Normal,0.253,25.3,Normal,Normal Workflow,Normal administrative progression (Risk Score: 25.3). Features align with standard state baselines.
2025-05,West Bengal,142081,131962,10119,52610,51897,45130,364,96587,45130,0.0025619189054131,0.3176357148387188,0.6798023662558681,0.9974380810945868,0.0,0.629718259302792,0.0135525565481847,0.8006285289968302,0.0,13.039723320158105,0,13.88,Normal,0.1388,13.88,Normal,Normal Workflow,Normal administrative progression (Risk Score: 13.9). Features align with standard state baselines.
2025-06,Andhra Pradesh,288392,285098,3294,267889,246960,228473,1509,58410,228473,0.0052324613720214,0.7922307137507282,0.2025368248772504,0.9947675386279786,0.0,0.0710942051097117,0.0781256415903601,-0.6860247392949217,0.0,86.52443095599394,0,25.16,Normal,0.2516,25.16,Normal,Normal Workflow,Normal administrative progression (Risk Score: 25.2). Features align with standard state baselines.
2025-06,Assam,155011,148965,6046,0,0,0,155011,0,58802,1.0,0.0,0.0,0.0,0.0,1.0,0.0,-1.3170239720282386,0.0,24.63452951876964,1,83.08,High Risk,0.8308,83.08,High Risk,Data Discrepancy,High Risk (Score: 83.1): Operational data contradiction flagged. Official counts show mathematical inconsistency across claims received vs approved/rejected totals.
2025-06,Bihar,4696,4696,0,4696,4696,200,0,4496,191,0.0,0.0425894378194207,0.9574105621805792,1.0,0.045,0.0,0.0,1.6657685671204108,0.0,4696.0,0,42.47,Attention,0.4247,42.47,Attention,Rejection Spike,Attention (Score: 42.5): High claim rejection rate (95.7%) deviating from national monthly baseline.
2025-06,Chhattisgarh,947479,890220,57259,843086,841839,534521,6171,406787,534068,0.006513073112966,0.564150762180481,0.4293361647065528,0.993486926887034,0.0008474877507151,0.1101797506857671,0.0014790899149078,0.020563850229211,0.0,15.54697869367796,0,55.23,Attention,0.5523,55.23,Attention,Rejection Spike,Attention (Score: 55.2): High claim rejection rate (42.9%) deviating from national monthly baseline.
2025-06,Goa,10136,9757,379,4883,3521,2267,7221,648,871,0.7124112075769534,0.2236582478295185,0.063930544593528,0.2875887924230466,0.615791795324217,0.5182517758484609,0.2789268892074544,-1.1178497003312875,-0.0407810839532412,25.676315789473684,0,58.52,Attention,0.5852,58.52,Attention,Administrative Bottleneck,Attention (Score: 58.5): High administrative bottleneck in processing pipeline (Workflow Bottleneck Rate: 61.6%).
2025-06,Gujarat,190242,183055,7187,186192,119410,103524,84387,2331,103524,0.4435771280789731,0.5441700570851863,0.0122528148358406,0.5564228719210269,0.0,0.0212886744252057,0.3586727678955057,-1.2788505842261704,0.0,25.466750139120755,0,17.65,Normal,0.1765,17.65,Normal,Normal Workflow,Normal administrative progression (Risk Score: 17.6). Features align with standard state baselines.
2025-06,Himachal Pradesh,5566,4883,683,2861,1465,808,4704,54,808,0.8451311534315487,0.1451670858785483,0.0097017606899029,0.1548688465684513,0.0,0.4859863456701401,0.4879412792729815,-1.2867983399477456,0.0,7.138888888888889,0,32.94,Normal,0.3294,32.94,Normal,Normal Workflow,Normal administrative progression (Risk Score: 32.9). Features align with standard state baselines.
2025-06,Jammu & Kashmir,46090,33233,12857,0,0,4505,1661,39924,6020,0.0360381861575179,0.0977435452375786,0.8662182686049035,0.963961813842482,0.0,1.0,0.0,1.381660887875825,0.0,2.5846165811168142,1,31.54,Normal,0.3154,31.54,Normal,Normal Workflow,Normal administrative progression (Risk Score: 31.5). Features align with standard state baselines.
2025-06,Jharkhand,110756,107032,3724,71636,65731,62051,20598,28107,61970,0.1859763805121167,0.560249557586045,0.2537740619018382,0.8140236194878833,0.001305377834362,0.353208855502185,0.0824306214752359,-0.5263962012772828,0.0,28.733422818791947,0,5.02,Normal,0.0502,5.02,Normal,Normal Workflow,Normal administrative progression (Risk Score: 5.0). Features align with standard state baselines.
2025-06,Karnataka,294489,288549,5940,113013,17577,16326,24894,253269,16326,0.0845328687998533,0.0554384034717765,0.8600287277283701,0.9154671312001468,0.0,0.6162403349530883,0.8444692203551803,1.3623775030077592,0.0,48.569096111765695,0,63.68,Attention,0.6368,63.68,Attention,Administrative Bottleneck,Attention (Score: 63.7): High administrative bottleneck in processing pipeline (Workflow Bottleneck Rate: 0.0%).
2025-06,Kerala,45469,44455,1014,40503,31047,30099,2535,12835,29704,0.0557522707778926,0.6619674943368009,0.2822802348853064,0.9442477292221074,0.0131233595800524,0.1092172689084871,0.2334641878379379,-0.4375858168366603,0.0,43.79802955665025,0,6.88,Normal,0.0688,6.88,Normal,Normal Workflow,Normal administrative progression (Risk Score: 6.9). Features align with standard state baselines.
2025-06,Madhya Pradesh,627513,585326,42187,627513,627513,305106,0,322407,294877,0.0,0.4862146282228416,0.5137853717771584,1.0,0.0335260532405131,0.0,0.0,0.2836635848023413,0.0,13.874229638759838,0,58.48,Attention,0.5848,58.48,Attention,Rejection Spike,Attention (Score: 58.5): High claim rejection rate (51.4%) deviating from national monthly baseline.
2025-06,Maharashtra,409156,397897,11259,374165,174066,208681,27844,172631,208335,0.0680522832367116,0.5100279599956985,0.4219197567675898,0.9319477167632884,0.0016580330744054,0.0855199483815464,0.534788128232197,-0.002541813256721,0.0,35.33721136767318,0,25.05,Normal,0.2505,25.05,Normal,Normal Workflow,Normal administrative progression (Risk Score: 25.1). Features align with standard state baselines.
2025-06,Odisha,766365,730908,35457,579793,497456,482164,138334,145867,471868,0.1805066776275012,0.6291571248686983,0.1903361975038004,0.8194933223724987,0.0213537302660505,0.2434505751176006,0.1420110280738125,-0.724035538151761,0.259425158641284,20.61334536634892,0,75.24,High Risk,0.7524,75.24,High Risk,Imbalanced Filing,High Risk (Score: 75.2): High structural imbalance between individual and community claim processing.
2025-06,Rajasthan,118375,113162,5213,76333,63849,51766,688,65921,51766,0.0058120380147835,0.4373051742344245,0.556882787750792,0.9941879619852164,0.0,0.3551594508975713,0.163546565705527,0.4179326809463777,0.0,21.70349060222478,0,0.02,Normal,0.0002,0.02,Normal,Normal Workflow,Normal administrative progression (Risk Score: 0.0). Features align with standard state baselines.
2025-06,Tamil Nadu,34667,33119,1548,27582,16972,16568,5388,12711,16508,0.1554215824847838,0.477918481553062,0.3666599359621542,0.8445784175152162,0.0036214389183969,0.2043730348746646,0.3846711623522587,-0.174702626730237,0.0,21.38089089735313,0,5.21,Normal,0.0521,5.21,Normal,Normal Workflow,Normal administrative progression (Risk Score: 5.2). Features align with standard state baselines.
2025-06,Telangana,655249,651822,3427,231456,231456,231456,329367,94426,231456,0.5026592944056382,0.3532336562131342,0.1441070493812276,0.4973407055943618,0.0,0.6467663437868657,0.0,-0.8680614801647132,0.0,190.14644107351225,0,54.71,Attention,0.5471,54.71,Attention,Backlog Accumulation,"Attention (Score: 54.7): Expanding unresolved backlog (Pending Rate: 50.3%, MoM Growth: +0.0 claims)."
2025-06,Tripura,200721,200557,164,153257,136437,131793,80,68848,128032,0.000398563179737,0.6565979643385595,0.3430034724817035,0.9996014368202628,0.0285371757225345,0.2364675345379905,0.1097502887306941,-0.2484038428641176,0.0,1215.4969696969697,0,19.66,Normal,0.1966,19.66,Normal,Normal Workflow,Normal administrative progression (Risk Score: 19.7). Features align with standard state baselines.
2025-06,Uttar Pradesh,94166,92972,1194,83646,23479,18910,4520,70736,23430,0.0480003398254146,0.2008155809952636,0.7511840791793216,0.9519996601745851,0.0,0.1117176050803899,0.7193051670133659,1.0232742818369822,0.0,77.80083682008369,1,27.27,Normal,0.2727,27.27,Normal,Normal Workflow,Normal administrative progression (Risk Score: 27.3). Features align with standard state baselines.
2025-06,Uttarakhand,6678,3587,3091,0,0,0,185,6493,185,0.0277029050613956,0.0,0.9722970949386044,0.9722970949386044,0.0,1.0,0.0,1.7121472479063184,0.0,1.160090556274256,1,26.24,Normal,0.2624,26.24,Normal,Normal Workflow,Normal administrative progression (Risk Score: 26.2). Features align with standard state baselines.
2025-06,West Bengal,142081,131962,10119,52610,51897,45130,364,96587,45130,0.0025619189054131,0.3176357148387188,0.6798023662558681,0.9974380810945868,0.0,0.629718259302792,0.0135525565481847,0.800886051384633,0.0,13.039723320158105,0,14.22,Normal,0.1422,14.22,Normal,Normal Workflow,Normal administrative progression (Risk Score: 14.2). Features align with standard state baselines.
2025-07,Andhra Pradesh,288392,285098,3294,267889,246960,228473,1509,58410,228473,0.0052324613720214,0.7922307137507282,0.2025368248772504,0.9947675386279786,0.0,0.0710942051097117,0.0781256415903601,-0.6938193808793239,0.0,86.52443095599394,0,25.59,Normal,0.2559,25.59,Normal,Normal Workflow,Normal administrative progression (Risk Score: 25.6). Features align with standard state baselines.
2025-07,Assam,155011,148965,6046,0,0,0,155011,0,58802,1.0,0.0,0.0,0.0,0.0,1.0,0.0,-1.323987906033914,0.0,24.63452951876964,1,76.04,High Risk,0.7604,76.04,High Risk,Data Discrepancy,High Risk (Score: 76.0): Operational data contradiction flagged. Official counts show mathematical inconsistency across claims received vs approved/rejected totals.
2025-07,Bihar,4696,4696,0,4696,4696,200,0,4496,191,0.0,0.0425894378194207,0.9574105621805792,1.0,0.045,0.0,0.0,1.6548778004983038,0.0,4696.0,0,44.86,Attention,0.4486,44.86,Attention,Rejection Spike,Attention (Score: 44.9): High claim rejection rate (95.7%) deviating from national monthly baseline.
2025-07,Chhattisgarh,947479,890220,57259,843086,841839,534521,6171,406787,534068,0.006513073112966,0.564150762180481,0.4293361647065528,0.993486926887034,0.0008474877507151,0.1101797506857671,0.0014790899149078,0.0118389880266046,0.0,15.54697869367796,0,59.1,Attention,0.591,59.1,Attention,Rejection Spike,Attention (Score: 59.1): High claim rejection rate (42.9%) deviating from national monthly baseline.
2025-07,Goa,10136,9757,379,4883,3521,2309,6876,951,871,0.6783741120757696,0.2278018942383583,0.0938239936858721,0.3216258879242304,0.6227804244261586,0.5182517758484609,0.2789268892074544,-1.032066040659689,-0.0477773161611965,25.676315789473684,0,57.78,Attention,0.5778,57.78,Attention,Administrative Bottleneck,Attention (Score: 57.8): High administrative bottleneck in processing pipeline (Workflow Bottleneck Rate: 62.3%).
2025-07,Gujarat,190242,183055,7187,186192,119410,103524,84387,2331,103524,0.4435771280789731,0.5441700570851863,0.0122528148358406,0.5564228719210269,0.0,0.0212886744252057,0.3586727678955057,-1.285864773320771,0.0,25.466750139120755,0,15.88,Normal,0.1588,15.88,Normal,Normal Workflow,Normal administrative progression (Risk Score: 15.9). Features align with standard state baselines.
2025-07,Himachal Pradesh,5664,4981,683,3076,1558,901,4709,54,901,0.8313912429378532,0.1590748587570621,0.0095338983050847,0.1686087570621469,0.0,0.4569209039548023,0.4934980494148244,-1.2943243491102274,0.001062925170068,7.282163742690059,0,29.75,Normal,0.2975,29.75,Normal,Normal Workflow,Normal administrative progression (Risk Score: 29.8). Features align with standard state baselines.
2025-07,Jammu & Kashmir,46090,33233,12857,0,0,4505,1661,39924,6020,0.0360381861575179,0.0977435452375786,0.8662182686049035,0.963961813842482,0.0,1.0,0.0,1.371144147702689,0.0,2.5846165811168142,1,36.19,Normal,0.3619,36.19,Normal,Normal Workflow,Normal administrative progression (Risk Score: 36.2). Features align with standard state baselines.
2025-07,Jharkhand,110756,107032,3724,71636,65731,62051,20598,28107,61970,0.1859763805121167,0.560249557586045,0.2537740619018382,0.8140236194878833,0.001305377834362,0.353208855502185,0.0824306214752359,-0.5344009930955259,0.0,28.733422818791947,0,5.2,Normal,0.052,5.2,Normal,Normal Workflow,Normal administrative progression (Risk Score: 5.2). Features align with standard state baselines.
2025-07,Karnataka,295176,289236,5940,154073,18303,16700,16097,262379,16700,0.0545335664146136,0.0565764154267284,0.8888900181586579,0.9454664335853864,0.0,0.4780300566441716,0.8812056622510109,1.4416845197442794,-0.3533783240941592,48.68473320989733,0,63.0,Attention,0.63,63.0,Attention,Administrative Bottleneck,Attention (Score: 63.0): High administrative bottleneck in processing pipeline (Workflow Bottleneck Rate: 0.0%).
2025-07,Kerala,45469,44455,1014,40503,31047,30099,2535,12835,29704,0.0557522707778926,0.6619674943368009,0.2822802348853064,0.9442477292221074,0.0131233595800524,0.1092172689084871,0.2334641878379379,-0.4457075271162855,0.0,43.79802955665025,0,7.28,Normal,0.0728,7.28,Normal,Normal Workflow,Normal administrative progression (Risk Score: 7.3). Features align with standard state baselines.
2025-07,Madhya Pradesh,627513,585326,42187,627513,627513,305106,0,322407,294877,0.0,0.4862146282228416,0.5137853717771584,1.0,0.0335260532405131,0.0,0.0,0.2745923530130015,0.0,13.874229638759838,0,55.14,Attention,0.5514,55.14,Attention,Rejection Spike,Attention (Score: 55.1): High claim rejection rate (51.4%) deviating from national monthly baseline.
2025-07,Maharashtra,409156,397897,11259,374165,174066,208681,27844,172631,208335,0.0680522832367116,0.5100279599956985,0.4219197567675898,0.9319477167632884,0.0016580330744054,0.0855199483815464,0.534788128232197,-0.0112362569599481,0.0,35.33721136767318,0,27.24,Normal,0.2724,27.24,Normal,Normal Workflow,Normal administrative progression (Risk Score: 27.2). Features align with standard state baselines.
2025-07,Odisha,768373,732530,35843,580069,497834,482535,139498,146340,472119,0.181549846233535,0.6279957780921506,0.1904543756743144,0.818450153766465,0.0215859989430818,0.2450684758574286,0.1417676173007004,-0.7314124417910073,0.0084144172799167,20.436614217163264,0,65.02,High Risk,0.6502,65.02,High Risk,Imbalanced Filing,High Risk (Score: 65.0): High structural imbalance between individual and community claim processing.
2025-07,Rajasthan,118375,113162,5213,76333,63849,51766,688,65921,51766,0.0058120380147835,0.4373051742344245,0.556882787750792,0.9941879619852164,0.0,0.3551594508975713,0.163546565705527,0.4086846845114257,0.0,21.70349060222478,0,1.3,Normal,0.013,1.3,Normal,Normal Workflow,Normal administrative progression (Risk Score: 1.3). Features align with standard state baselines.
2025-07,Tamil Nadu,34667,33119,1548,27582,16972,16568,5388,12711,16508,0.1554215824847838,0.477918481553062,0.3666599359621542,0.8445784175152162,0.0036214389183969,0.2043730348746646,0.3846711623522587,-0.1831704215168042,0.0,21.38089089735313,0,5.3,Normal,0.053,5.3,Normal,Normal Workflow,Normal administrative progression (Risk Score: 5.3). Features align with standard state baselines.
2025-07,Telangana,655249,651822,3427,231456,231456,231456,329367,94426,231456,0.5026592944056382,0.3532336562131342,0.1441070493812276,0.4973407055943618,0.0,0.6467663437868657,0.0,-0.8756164712196017,0.0,190.14644107351225,0,45.42,Attention,0.4542,45.42,Attention,Backlog Accumulation,"Attention (Score: 45.4): Expanding unresolved backlog (Pending Rate: 50.3%, MoM Growth: +0.0 claims)."
2025-07,Tripura,200721,200557,164,153257,136437,131793,80,68848,128032,0.000398563179737,0.6565979643385595,0.3430034724817035,0.9996014368202628,0.0285371757225345,0.2364675345379905,0.1097502887306941,-0.2567746103396711,0.0,1215.4969696969697,0,20.28,Normal,0.2028,20.28,Normal,Normal Workflow,Normal administrative progression (Risk Score: 20.3). Features align with standard state baselines.
2025-07,Uttar Pradesh,94166,92972,1194,83646,23479,18910,4520,70736,23430,0.0480003398254146,0.2008155809952636,0.7511840791793216,0.9519996601745851,0.0,0.1117176050803899,0.7193051670133659,1.0132293559772507,0.0,77.80083682008369,1,26.51,Normal,0.2651,26.51,Normal,Normal Workflow,Normal administrative progression (Risk Score: 26.5). Features align with standard state baselines.
2025-07,Uttarakhand,6678,3587,3091,0,0,0,185,6493,185,0.0277029050613956,0.0,0.9722970949386044,0.9722970949386044,0.0,1.0,0.0,1.7011954239649287,0.0,1.160090556274256,1,25.88,Normal,0.2588,25.88,Normal,Normal Workflow,Normal administrative progression (Risk Score: 25.9). Features align with standard state baselines.
2025-07,West Bengal,142081,131962,10119,52610,51897,45130,364,96587,45130,0.0025619189054131,0.3176357148387188,0.6798023662558681,0.9974380810945868,0.0,0.629718259302792,0.0135525565481847,0.7911338986042857,0.0,13.039723320158105,0,14.88,Normal,0.1488,14.88,Normal,Normal Workflow,Normal administrative progression (Risk Score: 14.9). Features align with standard state baselines.
2025-08,Andhra Pradesh,288409,285115,3294,267911,231555,228489,1525,58395,228489,0.005287629720293,0.7922394932196984,0.2024728770600085,0.9947123702797068,0.0,0.0710726780370931,0.1357017815617873,-0.6939853416490411,0.0106030483764082,86.52959028831563,0,25.31,Normal,0.2531,25.31,Normal,Normal Workflow,Normal administrative progression (Risk Score: 25.3). Features align with standard state baselines.
2025-08,Assam,155011,148965,6046,0,0,0,155011,0,58802,1.0,0.0,0.0,0.0,0.0,1.0,0.0,-1.3239446375224582,0.0,24.63452951876964,1,76.13,High Risk,0.7613,76.13,High Risk,Data Discrepancy,High Risk (Score: 76.1): Operational data contradiction flagged. Official counts show mathematical inconsistency across claims received vs approved/rejected totals.
2025-08,Bihar,4696,4696,0,4696,4696,200,0,4496,191,0.0,0.0425894378194207,0.9574105621805792,1.0,0.045,0.0,0.0,1.6548725372554534,0.0,4696.0,0,44.86,Attention,0.4486,44.86,Attention,Rejection Spike,Attention (Score: 44.9): High claim rejection rate (95.7%) deviating from national monthly baseline.
2025-08,Chhattisgarh,947479,890220,57259,843086,841839,534521,6171,406787,534068,0.006513073112966,0.564150762180481,0.4293361647065528,0.993486926887034,0.0008474877507151,0.1101797506857671,0.0014790899149078,0.0118604932130216,0.0,15.54697869367796,0,58.93,Attention,0.5893,58.93,Attention,Rejection Spike,Attention (Score: 58.9): High claim rejection rate (42.9%) deviating from national monthly baseline.
2025-08,Goa,10136,9757,379,4883,3521,2309,6876,951,871,0.6783741120757696,0.2278018942383583,0.0938239936858721,0.3216258879242304,0.6227804244261586,0.5182517758484609,0.2789268892074544,-1.032027528146537,0.0,25.676315789473684,0,56.29,Attention,0.5629,56.29,Attention,Administrative Bottleneck,Attention (Score: 56.3): High administrative bottleneck in processing pipeline (Workflow Bottleneck Rate: 62.3%).
2025-08,Gujarat,190242,183055,7187,186192,119410,103524,84387,2331,103524,0.4435771280789731,0.5441700570851863,0.0122528148358406,0.5564228719210269,0.0,0.0212886744252057,0.3586727678955057,-1.2858221259123432,0.0,25.466750139120755,0,15.88,Normal,0.1588,15.88,Normal,Normal Workflow,Normal administrative progression (Risk Score: 15.9). Features align with standard state baselines.
2025-08,Himachal Pradesh,5664,4981,683,3076,1558,901,4709,54,901,0.8313912429378532,0.1590748587570621,0.0095338983050847,0.1686087570621469,0.0,0.4569209039548023,0.4934980494148244,-1.2942815638781795,0.0,7.282163742690059,0,28.62,Normal,0.2862,28.62,Normal,Normal Workflow,Normal administrative progression (Risk Score: 28.6). Features align with standard state baselines.
2025-08,Jammu & Kashmir,46090,33233,12857,0,0,4505,1661,39924,6020,0.0360381861575179,0.0977435452375786,0.8662182686049035,0.963961813842482,0.0,1.0,0.0,1.371143507055579,0.0,2.5846165811168142,1,36.19,Normal,0.3619,36.19,Normal,Normal Workflow,Normal administrative progression (Risk Score: 36.2). Features align with standard state baselines.
2025-08,Jharkhand,110756,107032,3724,71636,65731,62051,20598,28107,61970,0.1859763805121167,0.560249557586045,0.2537740619018382,0.8140236194878833,0.001305377834362,0.353208855502185,0.0824306214752359,-0.5343705885537273,0.0,28.733422818791947,0,5.2,Normal,0.052,5.2,Normal,Normal Workflow,Normal administrative progression (Risk Score: 5.2). Features align with standard state baselines.
2025-08,Karnataka,295176,289236,5940,154073,18303,16700,16097,262379,16700,0.0545335664146136,0.0565764154267284,0.8888900181586579,0.9454664335853864,0.0,0.4780300566441716,0.8812056622510109,1.4416827298516706,0.0,48.68473320989733,0,46.2,Attention,0.462,46.2,Attention,Administrative Bottleneck,Attention (Score: 46.2): High administrative bottleneck in processing pipeline (Workflow Bottleneck Rate: 0.0%).
2025-08,Kerala,45469,44455,1014,40503,31047,30099,2535,12835,29704,0.0557522707778926,0.6619674943368009,0.2822802348853064,0.9442477292221074,0.0131233595800524,0.1092172689084871,0.2334641878379379,-0.4456785675706444,0.0,43.79802955665025,0,7.28,Normal,0.0728,7.28,Normal,Normal Workflow,Normal administrative progression (Risk Score: 7.3). Features align with standard state baselines.
2025-08,Madhya Pradesh,627513,585326,42187,627513,627513,305106,0,322407,294877,0.0,0.4862146282228416,0.5137853717771584,1.0,0.0335260532405131,0.0,0.0,0.2746095774150499,0.0,13.874229638759838,0,55.14,Attention,0.5514,55.14,Attention,Rejection Spike,Attention (Score: 55.1): High claim rejection rate (51.4%) deviating from national monthly baseline.
2025-08,Maharashtra,409156,397897,11259,374165,174066,208681,27844,172631,208335,0.0680522832367116,0.5100279599956985,0.4219197567675898,0.9319477167632884,0.0016580330744054,0.0855199483815464,0.534788128232197,-0.0112143758310648,0.0,35.33721136767318,0,27.12,Normal,0.2712,27.12,Normal,Normal Workflow,Normal administrative progression (Risk Score: 27.1). Features align with standard state baselines.
2025-08,Odisha,768706,732647,36059,580866,498716,483233,139133,146340,472478,0.1809963757275213,0.6286317525816112,0.1903718716908675,0.8190036242724786,0.0222563442480128,0.2443587015061675,0.1414267662421281,-0.7316355243915187,-0.0026165249680999,20.31744315030505,0,58.85,Attention,0.5885,58.85,Attention,Imbalanced Filing,Attention (Score: 58.9): High structural imbalance between individual and community claim processing.
2025-08,Rajasthan,118375,113162,5213,76333,63849,51766,688,65921,51766,0.0058120380147835,0.4373051742344245,0.556882787750792,0.9941879619852164,0.0,0.3551594508975713,0.163546565705527,0.4086997242778686,0.0,21.70349060222478,0,1.3,Normal,0.013,1.3,Normal,Normal Workflow,Normal administrative progression (Risk Score: 1.3). Features align with standard state baselines.
2025-08,Tamil Nadu,34667,33119,1548,27582,16972,16568,5388,12711,16508,0.1554215824847838,0.477918481553062,0.3666599359621542,0.8445784175152162,0.0036214389183969,0.2043730348746646,0.3846711623522587,-0.1831457392322283,0.0,21.38089089735313,0,5.3,Normal,0.053,5.3,Normal,Normal Workflow,Normal administrative progression (Risk Score: 5.3). Features align with standard state baselines.
2025-08,Telangana,655249,651822,3427,231456,231456,231456,329367,94426,231456,0.5026592944056382,0.3532336562131342,0.1441070493812276,0.4973407055943618,0.0,0.6467663437868657,0.0,-0.8755805075867324,0.0,190.14644107351225,0,45.51,Attention,0.4551,45.51,Attention,Backlog Accumulation,"Attention (Score: 45.5): Expanding unresolved backlog (Pending Rate: 50.3%, MoM Growth: +0.0 claims)."
2025-08,Tripura,200721,200557,164,153257,136437,131793,80,68848,128032,0.000398563179737,0.6565979643385595,0.3430034724817035,0.9996014368202628,0.0285371757225345,0.2364675345379905,0.1097502887306941,-0.2567487288938172,0.0,1215.4969696969697,0,20.28,Normal,0.2028,20.28,Normal,Normal Workflow,Normal administrative progression (Risk Score: 20.3). Features align with standard state baselines.
2025-08,Uttar Pradesh,94166,92972,1194,83646,23479,18910,4520,70736,23430,0.0480003398254146,0.2008155809952636,0.7511840791793216,0.9519996601745851,0.0,0.1117176050803899,0.7193051670133659,1.0132345464868446,0.0,77.80083682008369,1,27.54,Normal,0.2754,27.54,Normal,Normal Workflow,Normal administrative progression (Risk Score: 27.5). Features align with standard state baselines.
2025-08,Uttarakhand,6678,3587,3091,0,0,0,185,6493,185,0.0277029050613956,0.0,0.9722970949386044,0.9722970949386044,0.0,1.0,0.0,1.7011894061142028,0.0,1.160090556274256,1,25.88,Normal,0.2588,25.88,Normal,Normal Workflow,Normal administrative progression (Risk Score: 25.9). Features align with standard state baselines.
2025-08,West Bengal,142081,131962,10119,52610,51897,45130,364,96587,45130,0.0025619189054131,0.3176357148387188,0.6798023662558681,0.9974380810945868,0.0,0.629718259302792,0.0135525565481847,0.7911427074986043,0.0,13.039723320158105,0,14.88,Normal,0.1488,14.88,Normal,Normal Workflow,Normal administrative progression (Risk Score: 14.9). Features align with standard state baselines.
2025-09,Andhra Pradesh,288409,285115,3294,267911,231555,228489,1525,58395,228489,0.005287629720293,0.7922394932196984,0.2024728770600085,0.9947123702797068,0.0,0.0710726780370931,0.1357017815617873,-0.7002502088787508,0.0,86.52959028831563,0,21.23,Normal,0.2123,21.23,Normal,Normal Workflow,Normal administrative progression (Risk Score: 21.2). Features align with standard state baselines.
2025-09,Assam,155011,148965,6046,0,0,0,155011,0,58802,1.0,0.0,0.0,0.0,0.0,1.0,0.0,-1.332519468696095,0.0,24.63452951876964,1,89.16,High Risk,0.8916,89.16,High Risk,Data Discrepancy,High Risk (Score: 89.2): Operational data contradiction flagged. Official counts show mathematical inconsistency across claims received vs approved/rejected totals.
2025-09,Bihar,4696,4696,0,4696,4696,200,0,4496,191,0.0,0.0425894378194207,0.9574105621805792,1.0,0.045,0.0,0.0,1.65722057096271,0.0,4696.0,0,38.58,Normal,0.3858,38.58,Normal,Normal Workflow,Normal administrative progression (Risk Score: 38.6). Features align with standard state baselines.
2025-09,Chhattisgarh,947479,890220,57259,843086,841839,534521,6171,406787,534068,0.006513073112966,0.564150762180481,0.4293361647065528,0.993486926887034,0.0008474877507151,0.1101797506857671,0.0014790899149078,0.0081838542056481,0.0,15.54697869367796,0,64.02,Attention,0.6402,64.02,Attention,Rejection Spike,Attention (Score: 64.0): High claim rejection rate (42.9%) deviating from national monthly baseline.
2025-09,Goa,10346,9958,388,5562,4026,2544,6601,1201,1046,0.6380243572395129,0.2458921322250145,0.1160835105354726,0.3619756427604871,0.5888364779874213,0.4624009278948386,0.2761596548004315,-0.9700213585837504,-0.0399941826643397,25.59897172236504,0,55.5,Attention,0.555,55.5,Attention,Administrative Bottleneck,Attention (Score: 55.5): High administrative bottleneck in processing pipeline (Workflow Bottleneck Rate: 58.9%).
2025-09,Gujarat,190242,183055,7187,186192,119410,103524,84387,2331,103524,0.4435771280789731,0.5441700570851863,0.0122528148358406,0.5564228719210269,0.0,0.0212886744252057,0.3586727678955057,-1.2942571676934778,0.0,25.466750139120755,0,15.86,Normal,0.1586,15.86,Normal,Normal Workflow,Normal administrative progression (Risk Score: 15.9). Features align with standard state baselines.
2025-09,Himachal Pradesh,5664,4981,683,3076,1558,901,4709,54,901,0.8313912429378532,0.1590748587570621,0.0095338983050847,0.1686087570621469,0.0,0.4569209039548023,0.4934980494148244,-1.302747625118532,0.0,7.282163742690059,0,28.8,Normal,0.288,28.8,Normal,Normal Workflow,Normal administrative progression (Risk Score: 28.8). Features align with standard state baselines.
2025-09,Jammu & Kashmir,46090,33233,12857,0,0,4505,1661,39924,6020,0.0360381861575179,0.0977435452375786,0.8662182686049035,0.963961813842482,0.0,1.0,0.0,1.372451150004416,0.0,2.5846165811168142,1,34.72,Normal,0.3472,34.72,Normal,Normal Workflow,Normal administrative progression (Risk Score: 34.7). Features align with standard state baselines.
2025-09,Jharkhand,110756,107032,3724,71636,65731,62051,20598,28107,61970,0.1859763805121167,0.560249557586045,0.2537740619018382,0.8140236194878833,0.001305377834362,0.353208855502185,0.0824306214752359,-0.5400501730088447,0.0,28.733422818791947,0,5.61,Normal,0.0561,5.61,Normal,Normal Workflow,Normal administrative progression (Risk Score: 5.6). Features align with standard state baselines.
2025-09,Karnataka,295176,289236,5940,154073,18303,16700,16097,262379,16700,0.0545335664146136,0.0565764154267284,0.8888900181586579,0.9454664335853864,0.0,0.4780300566441716,0.8812056622510109,1.4432490292920603,0.0,48.68473320989733,0,45.0,Attention,0.45,45.0,Attention,Administrative Bottleneck,Attention (Score: 45.0): High administrative bottleneck in processing pipeline (Workflow Bottleneck Rate: 0.0%).
2025-09,Kerala,45469,44455,1014,40503,31109,30103,2402,12964,29704,0.0528272009500978,0.662055466361697,0.2851173326882051,0.947172799049902,0.0132544929076836,0.1092172689084871,0.2319334370293558,-0.4421734257224546,-0.052465483234714,43.79802955665025,0,10.16,Normal,0.1016,10.16,Normal,Normal Workflow,Normal administrative progression (Risk Score: 10.2). Features align with standard state baselines.
2025-09,Madhya Pradesh,627513,585326,42187,627513,627513,305106,0,322407,294877,0.0,0.4862146282228416,0.5137853717771584,1.0,0.0335260532405131,0.0,0.0,0.2718963989277169,0.0,13.874229638759838,0,56.97,Attention,0.5697,56.97,Attention,Rejection Spike,Attention (Score: 57.0): High claim rejection rate (51.4%) deviating from national monthly baseline.
2025-09,Maharashtra,409156,397897,11259,374165,174066,208681,27844,172631,208335,0.0680522832367116,0.5100279599956985,0.4219197567675898,0.9319477167632884,0.0016580330744054,0.0855199483815464,0.534788128232197,-0.0149756268377403,0.0,35.33721136767318,0,29.86,Normal,0.2986,29.86,Normal,Normal Workflow,Normal administrative progression (Risk Score: 29.9). Features align with standard state baselines.
2025-09,Odisha,769026,732733,36293,581248,499037,483621,139065,146340,472636,0.1808326376481419,0.6288747064468562,0.1902926559050019,0.819167362351858,0.0227140674205627,0.2441763997576155,0.1414387662409161,-0.7382858190103988,-0.000488740988838,20.18881908855458,0,56.72,Attention,0.5672,56.72,Attention,Imbalanced Filing,Attention (Score: 56.7): High structural imbalance between individual and community claim processing.
2025-09,Rajasthan,118375,113162,5213,76333,63849,51766,688,65921,51766,0.0058120380147835,0.4373051742344245,0.556882787750792,0.9941879619852164,0.0,0.3551594508975713,0.163546565705527,0.4064782337559613,0.0,21.70349060222478,0,1.74,Normal,0.0174,1.74,Normal,Normal Workflow,Normal administrative progression (Risk Score: 1.7). Features align with standard state baselines.
2025-09,Tamil Nadu,34667,33119,1548,27582,16972,16568,5388,12711,16508,0.1554215824847838,0.477918481553062,0.3666599359621542,0.8445784175152162,0.0036214389183969,0.2043730348746646,0.3846711623522587,-0.187537436131025,0.0,21.38089089735313,0,6.35,Normal,0.0635,6.35,Normal,Normal Workflow,Normal administrative progression (Risk Score: 6.3). Features align with standard state baselines.
2025-09,Telangana,655249,651822,3427,231456,231456,231456,329367,94426,231456,0.5026592944056382,0.3532336562131342,0.1441070493812276,0.4973407055943618,0.0,0.6467663437868657,0.0,-0.8825112563876093,0.0,190.14644107351225,0,50.58,Attention,0.5058,50.58,Attention,Backlog Accumulation,"Attention (Score: 50.6): Expanding unresolved backlog (Pending Rate: 50.3%, MoM Growth: +0.0 claims)."
2025-09,Tripura,200721,200557,164,153257,136437,131793,80,68848,128032,0.000398563179737,0.6565979643385595,0.3430034724817035,0.9996014368202628,0.0285371757225345,0.2364675345379905,0.1097502887306941,-0.2614103166465107,0.0,1215.4969696969697,0,21.39,Normal,0.2139,21.39,Normal,Normal Workflow,Normal administrative progression (Risk Score: 21.4). Features align with standard state baselines.
2025-09,Uttar Pradesh,94166,92972,1194,83646,23479,18910,4520,70736,23430,0.0480003398254146,0.2008155809952636,0.7511840791793216,0.9519996601745851,0.0,0.1117176050803899,0.7193051670133659,1.0132297922704394,0.0,77.80083682008369,1,26.36,Normal,0.2636,26.36,Normal,Normal Workflow,Normal administrative progression (Risk Score: 26.4). Features align with standard state baselines.
2025-09,Uttarakhand,6678,3587,3091,0,0,0,185,6493,185,0.0277029050613956,0.0,0.9722970949386044,0.9722970949386044,0.0,1.0,0.0,1.703707276662919,0.0,1.160090556274256,1,24.17,Normal,0.2417,24.17,Normal,Normal Workflow,Normal administrative progression (Risk Score: 24.2). Features align with standard state baselines.
2025-09,West Bengal,142081,131962,10119,52610,51897,45130,364,96587,45130,0.0025619189054131,0.3176357148387188,0.6798023662558681,0.9974380810945868,0.0,0.629718259302792,0.0135525565481847,0.7903235766333205,0.0,13.039723320158105,0,13.16,Normal,0.1316,13.16,Normal,Normal Workflow,Normal administrative progression (Risk Score: 13.2). Features align with standard state baselines.
2025-10,Andhra Pradesh,288409,285115,3294,267911,231555,228489,1525,58395,228489,0.005287629720293,0.7922394932196984,0.2024728770600085,0.9947123702797068,0.0,0.0710726780370931,0.1357017815617873,-0.7002296668845077,0.0,86.52959028831563,0,21.23,Normal,0.2123,21.23,Normal,Normal Workflow,Normal administrative progression (Risk Score: 21.2). Features align with standard state baselines.
2025-10,Assam,155011,148965,6046,0,0,0,155011,0,58802,1.0,0.0,0.0,0.0,0.0,1.0,0.0,-1.3324924000779417,0.0,24.63452951876964,1,89.16,High Risk,0.8916,89.16,High Risk,Data Discrepancy,High Risk (Score: 89.2): Operational data contradiction flagged. Official counts show mathematical inconsistency across claims received vs approved/rejected totals.
2025-10,Bihar,4696,4696,0,4696,4696,200,0,4496,191,0.0,0.0425894378194207,0.9574105621805792,1.0,0.045,0.0,0.0,1.657216777873567,0.0,4696.0,0,38.58,Normal,0.3858,38.58,Normal,Normal Workflow,Normal administrative progression (Risk Score: 38.6). Features align with standard state baselines.
2025-10,Chhattisgarh,947479,890220,57259,843086,841839,534521,6171,406787,534068,0.006513073112966,0.564150762180481,0.4293361647065528,0.993486926887034,0.0008474877507151,0.1101797506857671,0.0014790899149078,0.0081970833618504,0.0,15.54697869367796,0,64.02,Attention,0.6402,64.02,Attention,Rejection Spike,Attention (Score: 64.0): High claim rejection rate (42.9%) deviating from national monthly baseline.
2025-10,Goa,10346,9958,388,5562,4026,2544,6601,1201,1046,0.6380243572395129,0.2458921322250145,0.1160835105354726,0.3619756427604871,0.5888364779874213,0.4624009278948386,0.2761596548004315,-0.9699980318663712,0.0,25.59897172236504,0,53.49,Attention,0.5349,53.49,Attention,Administrative Bottleneck,Attention (Score: 53.5): High administrative bottleneck in processing pipeline (Workflow Bottleneck Rate: 58.9%).
2025-10,Gujarat,190242,183055,7187,186192,119410,103524,84387,2331,103524,0.4435771280789731,0.5441700570851863,0.0122528148358406,0.5564228719210269,0.0,0.0212886744252057,0.3586727678955057,-1.2942304940394076,0.0,25.466750139120755,0,15.86,Normal,0.1586,15.86,Normal,Normal Workflow,Normal administrative progression (Risk Score: 15.9). Features align with standard state baselines.
2025-10,Himachal Pradesh,5664,4981,683,3076,1558,901,4709,54,901,0.8313912429378532,0.1590748587570621,0.0095338983050847,0.1686087570621469,0.0,0.4569209039548023,0.4934980494148244,-1.302720863821386,0.0,7.282163742690059,0,28.8,Normal,0.288,28.8,Normal,Normal Workflow,Normal administrative progression (Risk Score: 28.8). Features align with standard state baselines.
2025-10,Jammu & Kashmir,46090,33233,12857,0,0,4505,1661,39924,6020,0.0360381861575179,0.0977435452375786,0.8662182686049035,0.963961813842482,0.0,1.0,0.0,1.372450296458645,0.0,2.5846165811168142,1,34.72,Normal,0.3472,34.72,Normal,Normal Workflow,Normal administrative progression (Risk Score: 34.7). Features align with standard state baselines.
2025-10,Jharkhand,110756,107032,3724,71636,65731,62051,20598,28107,61970,0.1859763805121167,0.560249557586045,0.2537740619018382,0.8140236194878833,0.001305377834362,0.353208855502185,0.0824306214752359,-0.5400312846856735,0.0,28.733422818791947,0,5.61,Normal,0.0561,5.61,Normal,Normal Workflow,Normal administrative progression (Risk Score: 5.6). Features align with standard state baselines.
2025-10,Karnataka,295176,289236,5940,154073,18303,16700,16097,262379,16700,0.0545335664146136,0.0565764154267284,0.8888900181586579,0.9454664335853864,0.0,0.4780300566441716,0.8812056622510109,1.4432474449324393,0.0,48.68473320989733,0,45.0,Attention,0.45,45.0,Attention,Administrative Bottleneck,Attention (Score: 45.0): High administrative bottleneck in processing pipeline (Workflow Bottleneck Rate: 0.0%).
2025-10,Kerala,45469,44455,1014,40503,31109,30103,2402,12964,29704,0.0528272009500978,0.662055466361697,0.2851173326882051,0.947172799049902,0.0132544929076836,0.1092172689084871,0.2319334370293558,-0.4421555477357962,0.0,43.79802955665025,0,6.15,Normal,0.0615,6.15,Normal,Normal Workflow,Normal administrative progression (Risk Score: 6.2). Features align with standard state baselines.
2025-10,Madhya Pradesh,627513,585326,42187,627513,627513,305106,0,322407,294877,0.0,0.4862146282228416,0.5137853717771584,1.0,0.0335260532405131,0.0,0.0,0.2719069059009677,0.0,13.874229638759838,0,56.97,Attention,0.5697,56.97,Attention,Rejection Spike,Attention (Score: 57.0): High claim rejection rate (51.4%) deviating from national monthly baseline.
2025-10,Maharashtra,409156,397897,11259,374165,174066,208681,27844,172631,208335,0.0680522832367116,0.5100279599956985,0.4219197567675898,0.9319477167632884,0.0016580330744054,0.0855199483815464,0.534788128232197,-0.0149621586168984,0.0,35.33721136767318,0,29.86,Normal,0.2986,29.86,Normal,Normal Workflow,Normal administrative progression (Risk Score: 29.9). Features align with standard state baselines.
2025-10,Odisha,769388,732751,36637,581801,499831,484075,138973,146340,473640,0.1806279796409614,0.6291688978772739,0.1902031224817647,0.8193720203590387,0.0215565769767081,0.2438132645687221,0.1408900981607113,-0.7385444707135355,-0.0006615611404738,19.99975435340357,0,49.49,Attention,0.4949,49.49,Attention,Imbalanced Filing,Attention (Score: 49.5): High structural imbalance between individual and community claim processing.
2025-10,Rajasthan,118375,113162,5213,76333,63849,51766,688,65921,51766,0.0058120380147835,0.4373051742344245,0.556882787750792,0.9941879619852164,0.0,0.3551594508975713,0.163546565705527,0.4064873515030122,0.0,21.70349060222478,0,1.74,Normal,0.0174,1.74,Normal,Normal Workflow,Normal administrative progression (Risk Score: 1.7). Features align with standard state baselines.
2025-10,Tamil Nadu,34667,33119,1548,27582,16972,16568,5388,12711,16508,0.1554215824847838,0.477918481553062,0.3666599359621542,0.8445784175152162,0.0036214389183969,0.2043730348746646,0.3846711623522587,-0.1875221866342265,0.0,21.38089089735313,0,6.35,Normal,0.0635,6.35,Normal,Normal Workflow,Normal administrative progression (Risk Score: 6.3). Features align with standard state baselines.
2025-10,Telangana,655249,651822,3427,231456,231456,231456,329367,94426,231456,0.5026592944056382,0.3532336562131342,0.1441070493812276,0.4973407055943618,0.0,0.6467663437868657,0.0,-0.8824888329966477,0.0,190.14644107351225,0,50.58,Attention,0.5058,50.58,Attention,Backlog Accumulation,"Attention (Score: 50.6): Expanding unresolved backlog (Pending Rate: 50.3%, MoM Growth: +0.0 claims)."
2025-10,Tripura,200721,200557,164,153257,136437,131793,80,68848,128032,0.000398563179737,0.6565979643385595,0.3430034724817035,0.9996014368202628,0.0285371757225345,0.2364675345379905,0.1097502887306941,-0.2613943045940433,0.0,1215.4969696969697,0,21.32,Normal,0.2132,21.32,Normal,Normal Workflow,Normal administrative progression (Risk Score: 21.3). Features align with standard state baselines.
2025-10,Uttar Pradesh,94166,92972,1194,83646,23479,18910,4520,70736,23430,0.0480003398254146,0.2008155809952636,0.7511840791793216,0.9519996601745851,0.0,0.1117176050803899,0.7193051670133659,1.0132326468010393,0.0,77.80083682008369,1,26.72,Normal,0.2672,26.72,Normal,Normal Workflow,Normal administrative progression (Risk Score: 26.7). Features align with standard state baselines.
2025-10,Uttarakhand,6678,3587,3091,0,0,0,185,6493,185,0.0277029050613956,0.0,0.9722970949386044,0.9722970949386044,0.0,1.0,0.0,1.703703003712957,0.0,1.160090556274256,1,24.17,Normal,0.2417,24.17,Normal,Normal Workflow,Normal administrative progression (Risk Score: 24.2). Features align with standard state baselines.
2025-10,West Bengal,142081,131962,10119,52610,51897,45130,364,96587,45130,0.0025619189054131,0.3176357148387188,0.6798023662558681,0.9974380810945868,0.0,0.629718259302792,0.0135525565481847,0.7903287321219604,0.0,13.039723320158105,0,13.16,Normal,0.1316,13.16,Normal,Normal Workflow,Normal administrative progression (Risk Score: 13.2). Features align with standard state baselines.
2025-11,Andhra Pradesh,288409,285115,3294,272093,231555,228489,1525,58395,228489,0.005287629720293,0.7922394932196984,0.2024728770600085,0.9947123702797068,0.0,0.0565724370598698,0.1489858246996431,-0.7276114914668167,0.0,86.52959028831563,0,19.87,Normal,0.1987,19.87,Normal,Normal Workflow,Normal administrative progression (Risk Score: 19.9). Features align with standard state baselines.
2025-11,Assam,188512,180965,7547,105737,81141,89890,82243,16379,87436,0.436274613817688,0.4768396706840944,0.0868857154982176,0.563725386182312,0.0273000333741239,0.4390967153284671,0.2326148840992273,-1.095068857942226,-0.4694376528117359,23.975225225225227,0,57.95,Attention,0.5795,57.95,Attention,Backlog Accumulation,"Attention (Score: 58.0): Expanding unresolved backlog (Pending Rate: 43.6%, MoM Growth: +-0.4694376528117359 claims)."
2025-11,Bihar,4696,4696,0,4696,4696,200,0,4496,191,0.0,0.0425894378194207,0.9574105621805792,1.0,0.045,0.0,0.0,1.6723731597623734,0.0,4696.0,0,43.78,Attention,0.4378,43.78,Attention,Rejection Spike,Attention (Score: 43.8): High claim rejection rate (95.7%) deviating from national monthly baseline.
2025-11,Chhattisgarh,947479,890220,57259,843086,841839,534521,6171,406787,534068,0.006513073112966,0.564150762180481,0.4293361647065528,0.993486926887034,0.0008474877507151,0.1101797506857671,0.0014790899149078,-0.0064017558683846,0.0,15.54697869367796,0,76.99,High Risk,0.7699,76.99,High Risk,Rejection Spike,High Risk (Score: 77.0): High claim rejection rate (42.9%) deviating from national monthly baseline.
2025-11,Goa,10346,9958,388,5658,4648,2999,6057,1290,1047,0.5854436497196984,0.2898704813454475,0.124685868934854,0.4145563502803016,0.6508836278759587,0.4531219795089889,0.1785083068221986,-0.9749002799919188,-0.0824117557945765,25.59897172236504,0,49.92,Attention,0.4992,49.92,Attention,Administrative Bottleneck,Attention (Score: 49.9): High administrative bottleneck in processing pipeline (Workflow Bottleneck Rate: 65.1%).
2025-11,Gujarat,190242,183055,7187,186192,119410,103524,84387,2331,103524,0.4435771280789731,0.5441700570851863,0.0122528148358406,0.5564228719210269,0.0,0.0212886744252057,0.3586727678955057,-1.332330581123803,0.0,25.466750139120755,0,22.23,Normal,0.2223,22.23,Normal,Normal Workflow,Normal administrative progression (Risk Score: 22.2). Features align with standard state baselines.
2025-11,Himachal Pradesh,6795,5931,864,3835,1875,1039,5701,55,1031,0.8389992641648271,0.152906548933039,0.0080941869021339,0.1610007358351729,0.0076997112608277,0.4356144223693892,0.5110821382007823,-1.345551067274889,0.2106604374601826,6.856647398843931,0,43.02,Attention,0.4302,43.02,Attention,Administrative Bottleneck,Attention (Score: 43.0): High administrative bottleneck in processing pipeline (Workflow Bottleneck Rate: 0.8%).
2025-11,Jammu & Kashmir,46090,33233,12857,0,0,4505,1661,39924,6020,0.0360381861575179,0.0977435452375786,0.8662182686049035,0.963961813842482,0.0,1.0,0.0,1.382468298466366,0.0,2.5846165811168142,1,32.22,Normal,0.3222,32.22,Normal,Normal Workflow,Normal administrative progression (Risk Score: 32.2). Features align with standard state baselines.
2025-11,Jharkhand,110756,107032,3724,71636,65731,62051,20598,28107,61970,0.1859763805121167,0.560249557586045,0.2537740619018382,0.8140236194878833,0.001305377834362,0.353208855502185,0.0824306214752359,-0.5645224595679796,0.0,28.733422818791947,0,13.12,Normal,0.1312,13.12,Normal,Normal Workflow,Normal administrative progression (Risk Score: 13.1). Features align with standard state baselines.
2025-11,Karnataka,295176,289236,5940,154073,18303,16700,16097,262379,16700,0.0545335664146136,0.0565764154267284,0.8888900181586579,0.9454664335853864,0.0,0.4780300566441716,0.8812056622510109,1.4545429239857328,0.0,48.68473320989733,0,44.33,Attention,0.4433,44.33,Attention,Administrative Bottleneck,Attention (Score: 44.3): High administrative bottleneck in processing pipeline (Workflow Bottleneck Rate: 0.0%).
2025-11,Kerala,45469,44455,1014,40503,31109,30103,2249,13117,29704,0.0494622709978226,0.662055466361697,0.2884822626404803,0.9505377290021771,0.0132544929076836,0.1092172689084871,0.2319334370293558,-0.454183353855938,-0.0636969192339717,43.79802955665025,0,13.49,Normal,0.1349,13.49,Normal,Normal Workflow,Normal administrative progression (Risk Score: 13.5). Features align with standard state baselines.
2025-11,Madhya Pradesh,627513,585326,42187,627513,627513,305106,0,322407,294877,0.0,0.4862146282228416,0.5137853717771584,1.0,0.0335260532405131,0.0,0.0,0.2620664962437876,0.0,13.874229638759838,0,65.84,High Risk,0.6584,65.84,High Risk,Rejection Spike,High Risk (Score: 65.8): High claim rejection rate (51.4%) deviating from national monthly baseline.
2025-11,Maharashtra,409156,397897,11259,374165,174066,208681,27844,172631,208335,0.0680522832367116,0.5100279599956985,0.4219197567675898,0.9319477167632884,0.0016580330744054,0.0855199483815464,0.534788128232197,-0.0299788875596218,0.0,35.33721136767318,0,41.2,Attention,0.412,41.2,Attention,Administrative Bottleneck,Attention (Score: 41.2): High administrative bottleneck in processing pipeline (Workflow Bottleneck Rate: 0.2%).
2025-11,Odisha,769388,732751,36637,581801,499831,484075,138973,146340,473640,0.1806279796409614,0.6291688978772739,0.1902031224817647,0.8193720203590387,0.0215565769767081,0.2438132645687221,0.1408900981607113,-0.7666176548131745,0.0,19.99975435340357,0,50.55,Attention,0.5055,50.55,Attention,Imbalanced Filing,Attention (Score: 50.5): High structural imbalance between individual and community claim processing.
2025-11,Rajasthan,118375,113162,5213,76333,63849,51766,688,65921,51766,0.0058120380147835,0.4373051742344245,0.556882787750792,0.9941879619852164,0.0,0.3551594508975713,0.163546565705527,0.3990753366858183,0.0,21.70349060222478,0,3.43,Normal,0.0343,3.43,Normal,Normal Workflow,Normal administrative progression (Risk Score: 3.4). Features align with standard state baselines.
2025-11,Tamil Nadu,34667,33119,1548,27582,16972,16568,5388,12711,16508,0.1554215824847838,0.477918481553062,0.3666599359621542,0.8445784175152162,0.0036214389183969,0.2043730348746646,0.3846711623522587,-0.2056526211361088,0.0,21.38089089735313,0,11.76,Normal,0.1176,11.76,Normal,Normal Workflow,Normal administrative progression (Risk Score: 11.8). Features align with standard state baselines.
2025-11,Telangana,655249,651822,3427,231456,231456,231456,329367,94426,231456,0.5026592944056382,0.3532336562131342,0.1441070493812276,0.4973407055943618,0.0,0.6467663437868657,0.0,-0.913159376207781,0.0,190.14644107351225,0,72.55,High Risk,0.7255,72.55,High Risk,Backlog Accumulation,"High Risk (Score: 72.5): Expanding unresolved backlog (Pending Rate: 50.3%, MoM Growth: +0.0 claims)."
2025-11,Tripura,200721,200557,164,153257,136437,131793,80,68848,128032,0.000398563179737,0.6565979643385595,0.3430034724817035,0.9996014368202628,0.0285371757225345,0.2364675345379905,0.1097502887306941,-0.2808577014685049,0.0,1215.4969696969697,0,25.44,Normal,0.2544,25.44,Normal,Normal Workflow,Normal administrative progression (Risk Score: 25.4). Features align with standard state baselines.
2025-11,Uttar Pradesh,94166,92972,1194,83646,23479,18910,4520,70736,23430,0.0480003398254146,0.2008155809952636,0.7511840791793216,0.9519996601745851,0.0,0.1117176050803899,0.7193051670133659,1.0167688580630232,0.0,77.80083682008369,1,23.79,Normal,0.2379,23.79,Normal,Normal Workflow,Normal administrative progression (Risk Score: 23.8). Features align with standard state baselines.
2025-11,Uttarakhand,6678,3587,3091,0,0,0,185,6493,185,0.0277029050613956,0.0,0.9722970949386044,0.9722970949386044,0.0,1.0,0.0,1.7196981917927656,0.0,1.160090556274256,1,29.47,Normal,0.2947,29.47,Normal,Normal Workflow,Normal administrative progression (Risk Score: 29.5). Features align with standard state baselines.
2025-11,West Bengal,142081,131962,10119,52610,51897,45130,364,96587,45130,0.0025619189054131,0.3176357148387188,0.6798023662558681,0.9974380810945868,0.0,0.629718259302792,0.0135525565481847,0.7898428232772831,0.0,13.039723320158105,0,13.42,Normal,0.1342,13.42,Normal,Normal Workflow,Normal administrative progression (Risk Score: 13.4). Features align with standard state baselines.
2025-12,Andhra Pradesh,288409,285115,3294,272093,231555,228489,1525,58395,228489,0.005287629720293,0.7922394932196984,0.2024728770600085,0.9947123702797068,0.0,0.0565724370598698,0.1489858246996431,-0.7275963634914887,0.0,86.52959028831563,0,19.87,Normal,0.1987,19.87,Normal,Normal Workflow,Normal administrative progression (Risk Score: 19.9). Features align with standard state baselines.
2025-12,Assam,188512,180965,7547,105737,81141,89890,82243,16379,87436,0.436274613817688,0.4768396706840944,0.0868857154982176,0.563725386182312,0.0273000333741239,0.4390967153284671,0.2326148840992273,-1.0950509078780972,0.0,23.975225225225227,0,46.65,Attention,0.4665,46.65,Attention,Backlog Accumulation,"Attention (Score: 46.6): Expanding unresolved backlog (Pending Rate: 43.6%, MoM Growth: +0.0 claims)."
2025-12,Bihar,4696,4696,0,4696,4696,200,0,4496,191,0.0,0.0425894378194207,0.9574105621805792,1.0,0.045,0.0,0.0,1.6723698557496007,0.0,4696.0,0,43.78,Attention,0.4378,43.78,Attention,Rejection Spike,Attention (Score: 43.8): High claim rejection rate (95.7%) deviating from national monthly baseline.
2025-12,Chhattisgarh,947479,890220,57259,843086,841839,534521,6171,406787,534068,0.006513073112966,0.564150762180481,0.4293361647065528,0.993486926887034,0.0008474877507151,0.1101797506857671,0.0014790899149078,-0.0063921668156734,0.0,15.54697869367796,0,76.9,High Risk,0.769,76.9,High Risk,Rejection Spike,High Risk (Score: 76.9): High claim rejection rate (42.9%) deviating from national monthly baseline.
2025-12,Goa,10346,9958,388,5658,4648,2999,6057,1290,1047,0.5854436497196984,0.2898704813454475,0.124685868934854,0.4145563502803016,0.6508836278759587,0.4531219795089889,0.1785083068221986,-0.9748832528277752,0.0,25.59897172236504,0,45.12,Attention,0.4512,45.12,Attention,Administrative Bottleneck,Attention (Score: 45.1): High administrative bottleneck in processing pipeline (Workflow Bottleneck Rate: 65.1%).
2025-12,Gujarat,190242,183055,7187,186192,119410,103524,84387,2331,103524,0.4435771280789731,0.5441700570851863,0.0122528148358406,0.5564228719210269,0.0,0.0212886744252057,0.3586727678955057,-1.3323108088791633,0.0,25.466750139120755,0,22.23,Normal,0.2223,22.23,Normal,Normal Workflow,Normal administrative progression (Risk Score: 22.2). Features align with standard state baselines.
2025-12,Himachal Pradesh,6795,5931,864,3835,1875,1039,5701,55,1031,0.8389992641648271,0.152906548933039,0.0080941869021339,0.1610007358351729,0.0076997112608277,0.4356144223693892,0.5110821382007823,-1.3455311934963317,0.0,6.856647398843931,0,32.85,Normal,0.3285,32.85,Normal,Normal Workflow,Normal administrative progression (Risk Score: 32.9). Features align with standard state baselines.
2025-12,Jammu & Kashmir,46090,33233,12857,0,0,4505,1661,39924,6020,0.0360381861575179,0.0977435452375786,0.8662182686049035,0.963961813842482,0.0,1.0,0.0,1.3824672209357298,0.0,2.5846165811168142,1,32.22,Normal,0.3222,32.22,Normal,Normal Workflow,Normal administrative progression (Risk Score: 32.2). Features align with standard state baselines.
2025-12,Jharkhand,110756,107032,3724,71636,65731,62051,20598,28107,61970,0.1859763805121167,0.560249557586045,0.2537740619018382,0.8140236194878833,0.001305377834362,0.353208855502185,0.0824306214752359,-0.5645085841236183,0.0,28.733422818791947,0,13.12,Normal,0.1312,13.12,Normal,Normal Workflow,Normal administrative progression (Risk Score: 13.1). Features align with standard state baselines.
2025-12,Karnataka,295176,289236,5940,154073,18303,16700,16097,262379,16700,0.0545335664146136,0.0565764154267284,0.8888900181586579,0.9454664335853864,0.0,0.4780300566441716,0.8812056622510109,1.45454129291879,0.0,48.68473320989733,0,44.33,Attention,0.4433,44.33,Attention,Administrative Bottleneck,Attention (Score: 44.3): High administrative bottleneck in processing pipeline (Workflow Bottleneck Rate: 0.0%).
2025-12,Kerala,45469,44455,1014,40503,31109,30103,2249,13117,29704,0.0494622709978226,0.662055466361697,0.2884822626404803,0.9505377290021771,0.0132544929076836,0.1092172689084871,0.2319334370293558,-0.454170325820781,0.0,43.79802955665025,0,8.03,Normal,0.0803,8.03,Normal,Normal Workflow,Normal administrative progression (Risk Score: 8.0). Features align with standard state baselines.
2025-12,Madhya Pradesh,627513,585326,42187,627513,627513,305106,0,322407,294877,0.0,0.4862146282228416,0.5137853717771584,1.0,0.0335260532405131,0.0,0.0,0.2620740234484675,0.0,13.874229638759838,0,65.76,High Risk,0.6576,65.76,High Risk,Rejection Spike,High Risk (Score: 65.8): High claim rejection rate (51.4%) deviating from national monthly baseline.
2025-12,Maharashtra,409156,397897,11259,374165,174066,208681,27844,172631,208335,0.0680522832367116,0.5100279599956985,0.4219197567675898,0.9319477167632884,0.0016580330744054,0.0855199483815464,0.534788128232197,-0.0299691174334981,0.0,35.33721136767318,0,41.2,Attention,0.412,41.2,Attention,Administrative Bottleneck,Attention (Score: 41.2): High administrative bottleneck in processing pipeline (Workflow Bottleneck Rate: 0.2%).
2025-12,Odisha,769643,732866,36777,582060,500090,484334,138969,146340,473681,0.1805629363224248,0.629296959759265,0.1901401039183101,0.8194370636775752,0.0219951521057782,0.2437272865471393,0.1408274061093358,-0.7668025648946054,-2.8782569276046428e-05,19.926749687313063,0,49.89,Attention,0.4989,49.89,Attention,Imbalanced Filing,Attention (Score: 49.9): High structural imbalance between individual and community claim processing.
2025-12,Rajasthan,118375,113162,5213,76333,63849,51766,688,65921,51766,0.0058120380147835,0.4373051742344245,0.556882787750792,0.9941879619852164,0.0,0.3551594508975713,0.163546565705527,0.3990818116565536,0.0,21.70349060222478,0,3.43,Normal,0.0343,3.43,Normal,Normal Workflow,Normal administrative progression (Risk Score: 3.4). Features align with standard state baselines.
2025-12,Tamil Nadu,34667,33119,1548,27582,16972,16568,5388,12711,16508,0.1554215824847838,0.477918481553062,0.3666599359621542,0.8445784175152162,0.0036214389183969,0.2043730348746646,0.3846711623522587,-0.2056415018279537,0.0,21.38089089735313,0,11.76,Normal,0.1176,11.76,Normal,Normal Workflow,Normal administrative progression (Risk Score: 11.8). Features align with standard state baselines.
2025-12,Telangana,655249,651822,3427,231456,231456,231456,329367,94426,231456,0.5026592944056382,0.3532336562131342,0.1441070493812276,0.4973407055943618,0.0,0.6467663437868657,0.0,-0.9131428232165046,0.0,190.14644107351225,0,72.55,High Risk,0.7255,72.55,High Risk,Backlog Accumulation,"High Risk (Score: 72.5): Expanding unresolved backlog (Pending Rate: 50.3%, MoM Growth: +0.0 claims)."
2025-12,Tripura,200721,200557,164,153257,136437,131793,80,68848,128032,0.000398563179737,0.6565979643385595,0.3430034724817035,0.9996014368202628,0.0285371757225345,0.2364675345379905,0.1097502887306941,-0.280846004582012,0.0,1215.4969696969697,0,25.44,Normal,0.2544,25.44,Normal,Normal Workflow,Normal administrative progression (Risk Score: 25.4). Features align with standard state baselines.
2025-12,Uttar Pradesh,94166,92972,1194,83646,23479,18910,4520,70736,23430,0.0480003398254146,0.2008155809952636,0.7511840791793216,0.9519996601745851,0.0,0.1117176050803899,0.7193051670133659,1.016770589120238,0.0,77.80083682008369,1,23.86,Normal,0.2386,23.86,Normal,Normal Workflow,Normal administrative progression (Risk Score: 23.9). Features align with standard state baselines.
2025-12,Uttarakhand,6678,3587,3091,0,0,0,185,6493,185,0.0277029050613956,0.0,0.9722970949386044,0.9722970949386044,0.0,1.0,0.0,1.719694524321657,0.0,1.160090556274256,1,29.47,Normal,0.2947,29.47,Normal,Normal Workflow,Normal administrative progression (Risk Score: 29.5). Features align with standard state baselines.
2025-12,West Bengal,142081,131962,10119,52610,51897,45130,364,96587,45130,0.0025619189054131,0.3176357148387188,0.6798023662558681,0.9974380810945868,0.0,0.629718259302792,0.0135525565481847,0.7898462971364657,0.0,13.039723320158105,0,13.42,Normal,0.1342,13.42,Normal,Normal Workflow,Normal administrative progression (Risk Score: 13.4). Features align with standard state baselines.
2026-01,Andhra Pradesh,288409,285115,3294,272093,231555,228489,1525,58395,228489,0.005287629720293,0.7922394932196984,0.2024728770600085,0.9947123702797068,0.0,0.0565724370598698,0.1489858246996431,-0.7248710403207144,0.0,86.52959028831563,0,20.22,Normal,0.2022,20.22,Normal,Normal Workflow,Normal administrative progression (Risk Score: 20.2). Features align with standard state baselines.
2026-01,Assam,216644,208062,8582,105737,81141,89890,110375,16379,87436,0.5094763759901035,0.414920330126844,0.0756032938830523,0.4905236240098964,0.0273000333741239,0.5119320175033696,0.2326148840992273,-1.1274508303950908,0.3420595065841469,24.24117441454037,0,58.21,Attention,0.5821,58.21,Attention,Backlog Accumulation,"Attention (Score: 58.2): Expanding unresolved backlog (Pending Rate: 50.9%, MoM Growth: +0.3420595065841469 claims)."
2026-01,Bihar,4696,4696,0,4696,4696,200,0,4496,191,0.0,0.0425894378194207,0.9574105621805792,1.0,0.045,0.0,0.0,1.670680731699907,0.0,4696.0,0,44.09,Attention,0.4409,44.09,Attention,Rejection Spike,Attention (Score: 44.1): High claim rejection rate (95.7%) deviating from national monthly baseline.
2026-01,Chhattisgarh,947479,890220,57259,843086,841839,534521,6171,406787,534068,0.006513073112966,0.564150762180481,0.4293361647065528,0.993486926887034,0.0008474877507151,0.1101797506857671,0.0014790899149078,-0.004993411425679,0.0,15.54697869367796,0,79.59,High Risk,0.7959,79.59,High Risk,Rejection Spike,High Risk (Score: 79.6): High claim rejection rate (42.9%) deviating from national monthly baseline.
2026-01,Goa,10346,9958,388,5658,4648,2999,6057,1290,1047,0.5854436497196984,0.2898704813454475,0.124685868934854,0.4145563502803016,0.6508836278759587,0.4531219795089889,0.1785083068221986,-0.9717030753709128,0.0,25.59897172236504,0,45.18,Attention,0.4518,45.18,Attention,Administrative Bottleneck,Attention (Score: 45.2): High administrative bottleneck in processing pipeline (Workflow Bottleneck Rate: 65.1%).
2026-01,Gujarat,190242,183055,7187,186192,119410,103524,84387,2331,103524,0.4435771280789731,0.5441700570851863,0.0122528148358406,0.5564228719210269,0.0,0.0212886744252057,0.3586727678955057,-1.3284731867180049,0.0,25.466750139120755,0,21.23,Normal,0.2123,21.23,Normal,Normal Workflow,Normal administrative progression (Risk Score: 21.2). Features align with standard state baselines.
2026-01,Himachal Pradesh,6795,5931,864,3835,1875,1039,5701,55,1031,0.8389992641648271,0.152906548933039,0.0080941869021339,0.1610007358351729,0.0076997112608277,0.4356144223693892,0.5110821382007823,-1.34166925403868,0.0,6.856647398843931,0,33.0,Normal,0.33,33.0,Normal,Normal Workflow,Normal administrative progression (Risk Score: 33.0). Features align with standard state baselines.
2026-01,Jammu & Kashmir,46090,33233,12857,0,0,4505,1661,39924,6020,0.0360381861575179,0.0977435452375786,0.8662182686049035,0.963961813842482,0.0,1.0,0.0,1.3813113376750945,0.0,2.5846165811168142,1,30.97,Normal,0.3097,30.97,Normal,Normal Workflow,Normal administrative progression (Risk Score: 31.0). Features align with standard state baselines.
2026-01,Jharkhand,110756,107032,3724,71636,65731,62051,20598,28107,61970,0.1859763805121167,0.560249557586045,0.2537740619018382,0.8140236194878833,0.001305377834362,0.353208855502185,0.0824306214752359,-0.562083241172795,0.0,28.733422818791947,0,12.44,Normal,0.1244,12.44,Normal,Normal Workflow,Normal administrative progression (Risk Score: 12.4). Features align with standard state baselines.
2026-01,Karnataka,295176,289236,5940,154073,18303,16700,16097,262379,16700,0.0545335664146136,0.0565764154267284,0.8888900181586579,0.9454664335853864,0.0,0.4780300566441716,0.8812056622510109,1.4532528381310292,0.0,48.68473320989733,0,45.14,Attention,0.4514,45.14,Attention,Administrative Bottleneck,Attention (Score: 45.1): High administrative bottleneck in processing pipeline (Workflow Bottleneck Rate: 0.0%).
2026-01,Kerala,45473,44455,1018,40507,31113,30107,2152,13214,29706,0.0473247861368284,0.662085193411475,0.2905900204516966,0.9526752138631716,0.0133191616567575,0.1092076616893541,0.2319105339817809,-0.4452596456880028,-0.0431302801244997,43.6261040235525,0,13.6,Normal,0.136,13.6,Normal,Normal Workflow,Normal administrative progression (Risk Score: 13.6). Features align with standard state baselines.
2026-01,Madhya Pradesh,627513,585326,42187,627513,627513,305106,0,322407,294877,0.0,0.4862146282228416,0.5137853717771584,1.0,0.0335260532405131,0.0,0.0,0.2629789677931648,0.0,13.874229638759838,0,65.84,High Risk,0.6584,65.84,High Risk,Rejection Spike,High Risk (Score: 65.8): High claim rejection rate (51.4%) deviating from national monthly baseline.
2026-01,Maharashtra,409156,397897,11259,374165,174066,208681,27844,172631,208335,0.0680522832367116,0.5100279599956985,0.4219197567675898,0.9319477167632884,0.0016580330744054,0.0855199483815464,0.534788128232197,-0.0285269950980494,0.0,35.33721136767318,0,40.57,Attention,0.4057,40.57,Attention,Administrative Bottleneck,Attention (Score: 40.6): High administrative bottleneck in processing pipeline (Workflow Bottleneck Rate: 0.2%).
2026-01,Odisha,769661,732866,36795,582144,500174,484448,138873,146340,473884,0.1804339832731553,0.6294303595998758,0.1901356571269689,0.8195660167268447,0.0218062619723891,0.2436358344777766,0.140807085532102,-0.7640192371254363,-0.0006908015456684,19.91700184802696,0,51.6,Attention,0.516,51.6,Attention,Imbalanced Filing,Attention (Score: 51.6): High structural imbalance between individual and community claim processing.
2026-01,Rajasthan,118375,113162,5213,76333,63849,51766,688,65921,51766,0.0058120380147835,0.4373051742344245,0.556882787750792,0.9941879619852164,0.0,0.3551594508975713,0.163546565705527,0.3997347467667089,0.0,21.70349060222478,0,3.37,Normal,0.0337,3.37,Normal,Normal Workflow,Normal administrative progression (Risk Score: 3.4). Features align with standard state baselines.
2026-01,Tamil Nadu,34667,33119,1548,27582,16972,16568,5388,12711,16508,0.1554215824847838,0.477918481553062,0.3666599359621542,0.8445784175152162,0.0036214389183969,0.2043730348746646,0.3846711623522587,-0.2038762514156239,0.0,21.38089089735313,0,11.9,Normal,0.119,11.9,Normal,Normal Workflow,Normal administrative progression (Risk Score: 11.9). Features align with standard state baselines.
2026-01,Telangana,655249,651822,3427,231456,231456,231456,329367,94426,231456,0.5026592944056382,0.3532336562131342,0.1441070493812276,0.4973407055943618,0.0,0.6467663437868657,0.0,-0.9100762098030454,0.0,190.14644107351225,0,71.81,High Risk,0.7181,71.81,High Risk,Backlog Accumulation,"High Risk (Score: 71.8): Expanding unresolved backlog (Pending Rate: 50.3%, MoM Growth: +0.0 claims)."
2026-01,Tripura,200721,200557,164,153257,136437,131793,80,68848,128032,0.000398563179737,0.6565979643385595,0.3430034724817035,0.9996014368202628,0.0285371757225345,0.2364675345379905,0.1097502887306941,-0.2789424245942541,0.0,1215.4969696969697,0,25.71,Normal,0.2571,25.71,Normal,Normal Workflow,Normal administrative progression (Risk Score: 25.7). Features align with standard state baselines.
2026-01,Uttar Pradesh,94166,92972,1194,83646,23479,18910,4520,70736,23430,0.0480003398254146,0.2008155809952636,0.7511840791793216,0.9519996601745851,0.0,0.1117176050803899,0.7193051670133659,1.016287360527368,0.0,77.80083682008369,1,24.78,Normal,0.2478,24.78,Normal,Normal Workflow,Normal administrative progression (Risk Score: 24.8). Features align with standard state baselines.
2026-01,Uttarakhand,6678,3587,3091,0,0,0,185,6493,185,0.0277029050613956,0.0,0.9722970949386044,0.9722970949386044,0.0,1.0,0.0,1.7179183522752195,0.0,1.160090556274256,1,28.28,Normal,0.2828,28.28,Normal,Normal Workflow,Normal administrative progression (Risk Score: 28.3). Features align with standard state baselines.
2026-01,West Bengal,142081,131962,10119,52610,51897,45130,364,96587,45130,0.0025619189054131,0.3176357148387188,0.6798023662558681,0.9974380810945868,0.0,0.629718259302792,0.0135525565481847,0.7897804682977977,0.0,13.039723320158105,0,13.81,Normal,0.1381,13.81,Normal,Normal Workflow,Normal administrative progression (Risk Score: 13.8). Features align with standard state baselines.
2026-02,Andhra Pradesh,288409,285115,3294,272093,231555,228489,1525,58395,228489,0.005287629720293,0.7922394932196984,0.2024728770600085,0.9947123702797068,0.0,0.0565724370598698,0.1489858246996431,-0.6913234654537254,0.0,86.52959028831563,0,19.75,Normal,0.1975,19.75,Normal,Normal Workflow,Normal administrative progression (Risk Score: 19.8). Features align with standard state baselines.
2026-02,Assam,216644,208062,8582,105737,81141,89890,110375,16379,87436,0.5094763759901035,0.414920330126844,0.0756032938830523,0.4905236240098964,0.0273000333741239,0.5119320175033696,0.2326148840992273,-1.092183862760483,0.0,24.24117441454037,0,44.44,Attention,0.4444,44.44,Attention,Backlog Accumulation,"Attention (Score: 44.4): Expanding unresolved backlog (Pending Rate: 50.9%, MoM Growth: +0.0 claims)."
2026-02,Bihar,4696,4696,0,4696,4696,200,0,4496,191,0.0,0.0425894378194207,0.9574105621805792,1.0,0.045,0.0,0.0,1.6939970567803448,0.0,4696.0,0,50.28,Attention,0.5028,50.28,Attention,Rejection Spike,Attention (Score: 50.3): High claim rejection rate (95.7%) deviating from national monthly baseline.
2026-02,Chhattisgarh,947479,890220,57259,843086,841839,534521,6171,406787,534068,0.006513073112966,0.564150762180481,0.4293361647065528,0.993486926887034,0.0008474877507151,0.1101797506857671,0.0014790899149078,0.0254796117146474,0.0,15.54697869367796,0,61.02,Attention,0.6102,61.02,Attention,Rejection Spike,Attention (Score: 61.0): High claim rejection rate (42.9%) deviating from national monthly baseline.
2026-02,Goa,10346,9958,388,5658,4648,2999,6057,1290,1047,0.5854436497196984,0.2898704813454475,0.124685868934854,0.4145563502803016,0.6508836278759587,0.4531219795089889,0.1785083068221986,-0.9371012965266114,0.0,25.59897172236504,0,46.55,Attention,0.4655,46.55,Attention,Administrative Bottleneck,Attention (Score: 46.5): High administrative bottleneck in processing pipeline (Workflow Bottleneck Rate: 65.1%).
2026-02,Gujarat,190242,183055,7187,186192,119410,103524,84387,2331,103524,0.4435771280789731,0.5441700570851863,0.0122528148358406,0.5564228719210269,0.0,0.0212886744252057,0.3586727678955057,-1.2923476653404795,0.0,25.466750139120755,0,16.07,Normal,0.1607,16.07,Normal,Normal Workflow,Normal administrative progression (Risk Score: 16.1). Features align with standard state baselines.
2026-02,Himachal Pradesh,6795,5931,864,3835,1875,1039,5701,55,1031,0.8389992641648271,0.152906548933039,0.0080941869021339,0.1610007358351729,0.0076997112608277,0.4356144223693892,0.5110821382007823,-1.305487373094004,0.0,6.856647398843931,0,32.1,Normal,0.321,32.1,Normal,Normal Workflow,Normal administrative progression (Risk Score: 32.1). Features align with standard state baselines.
2026-02,Jammu & Kashmir,46090,33233,12857,0,0,4505,1661,39924,6020,0.0360381861575179,0.0977435452375786,0.8662182686049035,0.963961813842482,0.0,1.0,0.0,1.4058635410969769,0.0,2.5846165811168142,1,41.01,Attention,0.4101,41.01,Attention,Data Discrepancy,Attention (Score: 41.0): Operational data contradiction flagged. Official counts show mathematical inconsistency across claims received vs approved/rejected totals.
2026-02,Jharkhand,110756,107032,3724,71636,65731,62051,20598,28107,61970,0.1859763805121167,0.560249557586045,0.2537740619018382,0.8140236194878833,0.001305377834362,0.353208855502185,0.0824306214752359,-0.529230922678362,0.0,28.733422818791947,0,4.67,Normal,0.0467,4.67,Normal,Normal Workflow,Normal administrative progression (Risk Score: 4.7). Features align with standard state baselines.
2026-02,Karnataka,295176,289236,5940,154073,18303,16700,16097,262379,16700,0.0545335664146136,0.0565764154267284,0.8888900181586579,0.9454664335853864,0.0,0.4780300566441716,0.8812056622510109,1.4774977839641672,0.0,48.68473320989733,0,51.13,Attention,0.5113,51.13,Attention,Administrative Bottleneck,Attention (Score: 51.1): High administrative bottleneck in processing pipeline (Workflow Bottleneck Rate: 0.0%).
2026-02,Kerala,45473,44455,1018,40507,31113,30107,2152,13214,29706,0.0473247861368284,0.662085193411475,0.2905900204516966,0.9526752138631716,0.0133191616567575,0.1092076616893541,0.2319105339817809,-0.4129062733655241,0.0,43.6261040235525,0,8.9,Normal,0.089,8.9,Normal,Normal Workflow,Normal administrative progression (Risk Score: 8.9). Features align with standard state baselines.
2026-02,Madhya Pradesh,807405,766430,40975,601124,551223,289461,273457,244487,289461,0.3386862850737858,0.3585078120645772,0.302805902861637,0.6613137149262143,0.0,0.2554864039732228,0.0830128226455772,-0.37430865718615,1.0,18.704363529871145,0,100.0,High Risk,1.0,100.0,High Risk,Rejection Spike,High Risk (Score: 100.0): High claim rejection rate (30.3%) deviating from national monthly baseline.
2026-02,Maharashtra,409156,397897,11259,374165,174066,208681,27844,172631,208335,0.0680522832367116,0.5100279599956985,0.4219197567675898,0.9319477167632884,0.0016580330744054,0.0855199483815464,0.534788128232197,0.0020465384865667,0.0,35.33721136767318,0,26.22,Normal,0.2622,26.22,Normal,Normal Workflow,Normal administrative progression (Risk Score: 26.2). Features align with standard state baselines.
2026-02,Odisha,769977,733158,36819,582159,500189,484481,139151,146345,473936,0.1807209825748041,0.6292148986268421,0.1900641187983537,0.8192790174251958,0.0217655594337032,0.2439267666436789,0.1408034574746761,-0.7305304971337501,0.0020018290092386,19.91195002715915,0,45.68,Attention,0.4568,45.68,Attention,Imbalanced Filing,Attention (Score: 45.7): High structural imbalance between individual and community claim processing.
2026-02,Rajasthan,118375,113162,5213,76333,63849,51766,688,65921,51766,0.0058120380147835,0.4373051742344245,0.556882787750792,0.9941879619852164,0.0,0.3551594508975713,0.163546565705527,0.4284792015953497,0.0,21.70349060222478,0,2.02,Normal,0.0202,2.02,Normal,Normal Workflow,Normal administrative progression (Risk Score: 2.0). Features align with standard state baselines.
2026-02,Tamil Nadu,34667,33119,1548,27582,16972,16568,5388,12711,16508,0.1554215824847838,0.477918481553062,0.3666599359621542,0.8445784175152162,0.0036214389183969,0.2043730348746646,0.3846711623522587,-0.172553812271034,0.0,21.38089089735313,0,5.3,Normal,0.053,5.3,Normal,Normal Workflow,Normal administrative progression (Risk Score: 5.3). Features align with standard state baselines.
2026-02,Telangana,655249,651822,3427,231456,231456,231456,329367,94426,231456,0.5026592944056382,0.3532336562131342,0.1441070493812276,0.4973407055943618,0.0,0.6467663437868657,0.0,-0.8757376353956307,0.0,190.14644107351225,0,45.93,Attention,0.4593,45.93,Attention,Backlog Accumulation,"Attention (Score: 45.9): Expanding unresolved backlog (Pending Rate: 50.3%, MoM Growth: +0.0 claims)."
2026-02,Tripura,200721,200557,164,153257,136437,131793,80,68848,128032,0.000398563179737,0.6565979643385595,0.3430034724817035,0.9996014368202628,0.0285371757225345,0.2364675345379905,0.1097502887306941,-0.2472993825817649,0.0,1215.4969696969697,0,19.71,Normal,0.1971,19.71,Normal,Normal Workflow,Normal administrative progression (Risk Score: 19.7). Features align with standard state baselines.
2026-02,Uttar Pradesh,94166,92972,1194,83646,23479,18910,4520,70736,23430,0.0480003398254146,0.2008155809952636,0.7511840791793216,0.9519996601745851,0.0,0.1117176050803899,0.7193051670133659,1.0423985582201734,0.0,77.80083682008369,1,32.92,Normal,0.3292,32.92,Normal,Normal Workflow,Normal administrative progression (Risk Score: 32.9). Features align with standard state baselines.
2026-02,Uttarakhand,6616,3525,3091,0,0,0,126,6490,84,0.0190447400241838,0.0,0.9809552599758162,0.9809552599758162,0.0,1.0,0.0,1.7683894893581522,-0.3189189189189189,1.1400388098318242,1,59.75,Attention,0.5975,59.75,Attention,Data Discrepancy,Attention (Score: 59.8): Operational data contradiction flagged. Official counts show mathematical inconsistency across claims received vs approved/rejected totals.
2026-02,West Bengal,142081,131962,10119,52610,51897,45130,364,96587,45130,0.0025619189054131,0.3176357148387188,0.6798023662558681,0.9974380810945868,0.0,0.629718259302792,0.0135525565481847,0.81685906257115,0.0,13.039723320158105,0,17.48,Normal,0.1748,17.48,Normal,Normal Workflow,Normal administrative progression (Risk Score: 17.5). Features align with standard state baselines.
2026-03,Andhra Pradesh,288409,285115,3294,272093,231555,228489,1525,58395,228489,0.005287629720293,0.7922394932196984,0.2024728770600085,0.9947123702797068,0.0,0.0565724370598698,0.1489858246996431,-0.6907129487950994,0.0,86.52959028831563,0,19.75,Normal,0.1975,19.75,Normal,Normal Workflow,Normal administrative progression (Risk Score: 19.8). Features align with standard state baselines.
2026-03,Assam,216644,208062,8582,105737,81141,89890,110375,16379,87436,0.5094763759901035,0.414920330126844,0.0756032938830523,0.4905236240098964,0.0273000333741239,0.5119320175033696,0.2326148840992273,-1.0914346993942126,0.0,24.24117441454037,0,44.99,Attention,0.4499,44.99,Attention,Backlog Accumulation,"Attention (Score: 45.0): Expanding unresolved backlog (Pending Rate: 50.9%, MoM Growth: +0.0 claims)."
2026-03,Bihar,4696,4696,0,4696,4696,200,0,4496,191,0.0,0.0425894378194207,0.9574105621805792,1.0,0.045,0.0,0.0,1.6937825559533164,0.0,4696.0,0,50.44,Attention,0.5044,50.44,Attention,Rejection Spike,Attention (Score: 50.4): High claim rejection rate (95.7%) deviating from national monthly baseline.
2026-03,Chhattisgarh,947479,890220,57259,843086,841839,534521,6171,406787,534068,0.006513073112966,0.564150762180481,0.4293361647065528,0.993486926887034,0.0008474877507151,0.1101797506857671,0.0014790899149078,0.0258422056866061,0.0,15.54697869367796,0,62.96,Attention,0.6296,62.96,Attention,Rejection Spike,Attention (Score: 63.0): High claim rejection rate (42.9%) deviating from national monthly baseline.
2026-03,Goa,10346,9958,388,5658,4648,2999,6057,1290,1047,0.5854436497196984,0.2898704813454475,0.124685868934854,0.4145563502803016,0.6508836278759587,0.4531219795089889,0.1785083068221986,-0.936405772001608,0.0,25.59897172236504,0,46.55,Attention,0.4655,46.55,Attention,Administrative Bottleneck,Attention (Score: 46.5): High administrative bottleneck in processing pipeline (Workflow Bottleneck Rate: 65.1%).
2026-03,Gujarat,190242,183055,7187,186192,119410,103524,84387,2331,103524,0.4435771280789731,0.5441700570851863,0.0122528148358406,0.5564228719210269,0.0,0.0212886744252057,0.3586727678955057,-1.2915292707595425,0.0,25.466750139120755,0,15.55,Normal,0.1555,15.55,Normal,Normal Workflow,Normal administrative progression (Risk Score: 15.6). Features align with standard state baselines.
2026-03,Himachal Pradesh,6795,5931,864,3835,1875,1039,5701,55,1031,0.8389992641648271,0.152906548933039,0.0080941869021339,0.1610007358351729,0.0076997112608277,0.4356144223693892,0.5110821382007823,-1.3046644338455675,0.0,6.856647398843931,0,32.1,Normal,0.321,32.1,Normal,Normal Workflow,Normal administrative progression (Risk Score: 32.1). Features align with standard state baselines.
2026-03,Jammu & Kashmir,46090,33233,12857,0,0,4505,1661,39924,6020,0.0360381861575179,0.0977435452375786,0.8662182686049035,0.963961813842482,0.0,1.0,0.0,1.4057486978155176,0.0,2.5846165811168142,1,41.09,Attention,0.4109,41.09,Attention,Data Discrepancy,Attention (Score: 41.1): Operational data contradiction flagged. Official counts show mathematical inconsistency across claims received vs approved/rejected totals.
2026-03,Jharkhand,110756,107032,3724,71636,65731,62051,20598,28107,61970,0.1859763805121167,0.560249557586045,0.2537740619018382,0.8140236194878833,0.001305377834362,0.353208855502185,0.0824306214752359,-0.5286764694212107,0.0,28.733422818791947,0,4.67,Normal,0.0467,4.67,Normal,Normal Workflow,Normal administrative progression (Risk Score: 4.7). Features align with standard state baselines.
2026-03,Karnataka,295176,289236,5940,154427,18470,16700,15850,262626,16700,0.0536967775157871,0.0565764154267284,0.8897268070574843,0.9463032224842128,0.0,0.4768307721494972,0.8803965627772345,1.4800011896015537,-0.0153444741256134,48.68473320989733,0,62.81,Attention,0.6281,62.81,Attention,Administrative Bottleneck,Attention (Score: 62.8): High administrative bottleneck in processing pipeline (Workflow Bottleneck Rate: 0.0%).
2026-03,Kerala,45598,44580,1018,40632,31209,30203,2179,13216,29802,0.0477871836484056,0.6623755427869643,0.28983727356463,0.9522128163515944,0.0132768268052842,0.1089082854511162,0.2319108092144123,-0.4147696294374791,0.0125464684014869,43.74877330716389,0,10.66,Normal,0.1066,10.66,Normal,Normal Workflow,Normal administrative progression (Risk Score: 10.7). Features align with standard state baselines.
2026-03,Madhya Pradesh,807405,766430,40975,601124,551223,289461,273457,244487,289461,0.3386862850737858,0.3585078120645772,0.302805902861637,0.6613137149262143,0.0,0.2554864039732228,0.0830128226455772,-0.3738077873265996,0.0,18.704363529871145,0,99.18,High Risk,0.9918,99.18,High Risk,Rejection Spike,High Risk (Score: 99.2): High claim rejection rate (30.3%) deviating from national monthly baseline.
2026-03,Maharashtra,409156,397897,11259,374165,174066,208681,27844,172631,208335,0.0680522832367116,0.5100279599956985,0.4219197567675898,0.9319477167632884,0.0016580330744054,0.0855199483815464,0.534788128232197,0.0024172373211531,0.0,35.33721136767318,0,25.37,Normal,0.2537,25.37,Normal,Normal Workflow,Normal administrative progression (Risk Score: 25.4). Features align with standard state baselines.
2026-03,Odisha,769977,733158,36819,582159,500189,484481,139151,146345,473936,0.1807209825748041,0.6292148986268421,0.1900641187983537,0.8192790174251958,0.0217655594337032,0.2439267666436789,0.1408034574746761,-0.7299064198293346,0.0,19.91195002715915,0,43.99,Attention,0.4399,43.99,Attention,Imbalanced Filing,Attention (Score: 44.0): High structural imbalance between individual and community claim processing.
2026-03,Rajasthan,118375,113162,5213,76333,63849,51766,688,65921,51766,0.0058120380147835,0.4373051742344245,0.556882787750792,0.9941879619852164,0.0,0.3551594508975713,0.163546565705527,0.4287024089711407,0.0,21.70349060222478,0,2.02,Normal,0.0202,2.02,Normal,Normal Workflow,Normal administrative progression (Risk Score: 2.0). Features align with standard state baselines.
2026-03,Tamil Nadu,34667,33119,1548,27582,16972,16568,5388,12711,16508,0.1554215824847838,0.477918481553062,0.3666599359621542,0.8445784175152162,0.0036214389183969,0.2043730348746646,0.3846711623522587,-0.1721227239244161,0.0,21.38089089735313,0,5.17,Normal,0.0517,5.17,Normal,Normal Workflow,Normal administrative progression (Risk Score: 5.2). Features align with standard state baselines.
2026-03,Telangana,655249,651822,3427,231456,231456,231456,329367,94426,231456,0.5026592944056382,0.3532336562131342,0.1441070493812276,0.4973407055943618,0.0,0.6467663437868657,0.0,-0.8750633348918625,0.0,190.14644107351225,0,47.48,Attention,0.4748,47.48,Attention,Backlog Accumulation,"Attention (Score: 47.5): Expanding unresolved backlog (Pending Rate: 50.3%, MoM Growth: +0.0 claims)."
2026-03,Tripura,201122,201055,67,153686,134761,132285,365,68472,131680,0.0018148188661608,0.6577351060550313,0.3404500750788078,0.9981851811338392,0.004573458819972,0.235856843110152,0.1231406894577255,-0.2549074314416191,3.5625,2956.6911764705883,0,65.31,High Risk,0.6531,65.31,High Risk,Rejection Spike,High Risk (Score: 65.3): High claim rejection rate (34.0%) deviating from national monthly baseline.
2026-03,Uttar Pradesh,94166,92972,1194,83646,23479,18910,4520,70736,23430,0.0480003398254146,0.2008155809952636,0.7511840791793216,0.9519996601745851,0.0,0.1117176050803899,0.7193051670133659,1.0424094275896982,0.0,77.80083682008369,1,33.09,Normal,0.3309,33.09,Normal,Normal Workflow,Normal administrative progression (Risk Score: 33.1). Features align with standard state baselines.
2026-03,Uttarakhand,6616,3525,3091,0,0,0,126,6490,84,0.0190447400241838,0.0,0.9809552599758162,0.9809552599758162,0.0,1.0,0.0,1.7681492582122402,0.0,1.1400388098318242,1,53.04,Attention,0.5304,53.04,Attention,Data Discrepancy,Attention (Score: 53.0): Operational data contradiction flagged. Official counts show mathematical inconsistency across claims received vs approved/rejected totals.
2026-03,West Bengal,142081,131962,10119,52610,51897,45130,364,96587,45130,0.0025619189054131,0.3176357148387188,0.6798023662558681,0.9974380810945868,0.0,0.629718259302792,0.0135525565481847,0.8169479399173312,0.0,13.039723320158105,0,17.73,Normal,0.1773,17.73,Normal,Normal Workflow,Normal administrative progression (Risk Score: 17.7). Features align with standard state baselines.
2026-04,Andhra Pradesh,288409,285115,3294,272093,231555,228489,1525,58395,228489,0.005287629720293,0.7922394932196984,0.2024728770600085,0.9947123702797068,0.0,0.0565724370598698,0.1489858246996431,-0.7034696141691964,0.0,86.52959028831563,0,18.42,Normal,0.1842,18.42,Normal,Normal Workflow,Normal administrative progression (Risk Score: 18.4). Features align with standard state baselines.
2026-04,Assam,216644,208062,8582,105737,81141,89890,110375,16379,87436,0.5094763759901035,0.414920330126844,0.0756032938830523,0.4905236240098964,0.0273000333741239,0.5119320175033696,0.2326148840992273,-1.107036012992521,0.0,24.24117441454037,0,41.65,Attention,0.4165,41.65,Attention,Backlog Accumulation,"Attention (Score: 41.6): Expanding unresolved backlog (Pending Rate: 50.9%, MoM Growth: +0.0 claims)."
2026-04,Bihar,4696,4696,0,4696,4696,200,0,4496,191,0.0,0.0425894378194207,0.9574105621805792,1.0,0.045,0.0,0.0,1.6979529750039632,0.0,4696.0,0,52.74,Attention,0.5274,52.74,Attention,Rejection Spike,Attention (Score: 52.7): High claim rejection rate (95.7%) deviating from national monthly baseline.
2026-04,Chhattisgarh,947479,890220,57259,843086,841839,534521,6171,406787,534068,0.006513073112966,0.564150762180481,0.4293361647065528,0.993486926887034,0.0008474877507151,0.1101797506857671,0.0014790899149078,0.0181722303778683,0.0,15.54697869367796,0,56.44,Attention,0.5644,56.44,Attention,Rejection Spike,Attention (Score: 56.4): High claim rejection rate (42.9%) deviating from national monthly baseline.
2026-04,Goa,10346,9956,390,6358,5605,3459,5060,1827,1047,0.4890779045041561,0.3343321090276435,0.1765899864682002,0.5109220954958438,0.6973113616652211,0.3854629808621689,0.1184334696445423,-0.7858019170404446,-0.1646029387485554,25.462915601023017,0,66.0,High Risk,0.66,66.0,High Risk,Administrative Bottleneck,High Risk (Score: 66.0): High administrative bottleneck in processing pipeline (Workflow Bottleneck Rate: 69.7%).
2026-04,Gujarat,190242,183055,7187,186192,119410,103524,84387,2331,103524,0.4435771280789731,0.5441700570851863,0.0122528148358406,0.5564228719210269,0.0,0.0212886744252057,0.3586727678955057,-1.3085510180284907,0.0,25.466750139120755,0,17.19,Normal,0.1719,17.19,Normal,Normal Workflow,Normal administrative progression (Risk Score: 17.2). Features align with standard state baselines.
2026-04,Himachal Pradesh,6968,6100,868,4048,2120,1098,5814,56,1098,0.8343857634902411,0.1575774971297359,0.0080367393800229,0.1656142365097589,0.0,0.4190585533869116,0.4762845849802372,-1.3219621631293503,0.0198210840203473,7.019562715765248,0,37.93,Normal,0.3793,37.93,Normal,Normal Workflow,Normal administrative progression (Risk Score: 37.9). Features align with standard state baselines.
2026-04,Jammu & Kashmir,46090,33233,12857,0,0,4505,1661,39924,6020,0.0360381861575179,0.0977435452375786,0.8662182686049035,0.963961813842482,0.0,1.0,0.0,1.407874418763705,0.0,2.5846165811168142,1,41.04,Attention,0.4104,41.04,Attention,Data Discrepancy,Attention (Score: 41.0): Operational data contradiction flagged. Official counts show mathematical inconsistency across claims received vs approved/rejected totals.
2026-04,Jharkhand,110756,107032,3724,71636,65731,62051,20598,28107,61970,0.1859763805121167,0.560249557586045,0.2537740619018382,0.8140236194878833,0.001305377834362,0.353208855502185,0.0824306214752359,-0.5402828683507754,0.0,28.733422818791947,0,5.6,Normal,0.056,5.6,Normal,Normal Workflow,Normal administrative progression (Risk Score: 5.6). Features align with standard state baselines.
2026-04,Karnataka,295176,289236,5940,154427,18470,16700,15850,262626,16700,0.0536967775157871,0.0565764154267284,0.8897268070574843,0.9463032224842128,0.0,0.4768307721494972,0.8803965627772345,1.4826540150021112,0.0,48.68473320989733,0,57.73,Attention,0.5773,57.73,Attention,Administrative Bottleneck,Attention (Score: 57.7): High administrative bottleneck in processing pipeline (Workflow Bottleneck Rate: 0.0%).
2026-04,Kerala,45598,44580,1018,40632,31209,30203,2179,13216,29802,0.0477871836484056,0.6623755427869643,0.28983727356463,0.9522128163515944,0.0132768268052842,0.1089082854511162,0.2319108092144123,-0.425567425166442,0.0,43.74877330716389,0,9.46,Normal,0.0946,9.46,Normal,Normal Workflow,Normal administrative progression (Risk Score: 9.5). Features align with standard state baselines.
2026-04,Madhya Pradesh,807405,766430,40975,601124,551223,289461,273457,244487,289461,0.3386862850737858,0.3585078120645772,0.302805902861637,0.6613137149262143,0.0,0.2554864039732228,0.0830128226455772,-0.3843148026543315,0.0,18.704363529871145,0,90.4,High Risk,0.904,90.4,High Risk,Rejection Spike,High Risk (Score: 90.4): High claim rejection rate (30.3%) deviating from national monthly baseline.
2026-04,Maharashtra,409156,397897,11259,374165,174066,208681,27844,172631,208335,0.0680522832367116,0.5100279599956985,0.4219197567675898,0.9319477167632884,0.0016580330744054,0.0855199483815464,0.534788128232197,-0.0054190274254885,0.0,35.33721136767318,0,25.28,Normal,0.2528,25.28,Normal,Normal Workflow,Normal administrative progression (Risk Score: 25.3). Features align with standard state baselines.
2026-04,Odisha,769977,733158,36819,582159,500189,484481,139151,146345,473936,0.1807209825748041,0.6292148986268421,0.1900641187983537,0.8192790174251958,0.0217655594337032,0.2439267666436789,0.1408034574746761,-0.7429413122714944,0.0,19.91195002715915,0,43.0,Attention,0.43,43.0,Attention,Imbalanced Filing,Attention (Score: 43.0): High structural imbalance between individual and community claim processing.
2026-04,Rajasthan,118375,113162,5213,76333,63849,51766,688,65921,51766,0.0058120380147835,0.4373051742344245,0.556882787750792,0.9941879619852164,0.0,0.3551594508975713,0.163546565705527,0.4238922623594112,0.0,21.70349060222478,0,0.68,Normal,0.0068,0.68,Normal,Normal Workflow,Normal administrative progression (Risk Score: 0.7). Features align with standard state baselines.
2026-04,Tamil Nadu,34667,33119,1548,27582,16972,16568,5388,12711,16508,0.1554215824847838,0.477918481553062,0.3666599359621542,0.8445784175152162,0.0036214389183969,0.2043730348746646,0.3846711623522587,-0.181198014978137,0.0,21.38089089735313,0,4.89,Normal,0.0489,4.89,Normal,Normal Workflow,Normal administrative progression (Risk Score: 4.9). Features align with standard state baselines.
2026-04,Telangana,655249,651822,3427,231456,231456,231456,329367,94426,231456,0.5026592944056382,0.3532336562131342,0.1441070493812276,0.4973407055943618,0.0,0.6467663437868657,0.0,-0.8891286689310839,0.0,190.14644107351225,0,54.91,Attention,0.5491,54.91,Attention,Backlog Accumulation,"Attention (Score: 54.9): Expanding unresolved backlog (Pending Rate: 50.3%, MoM Growth: +0.0 claims)."
2026-04,Tripura,201122,201055,67,153686,134761,132285,365,68472,131680,0.0018148188661608,0.6577351060550313,0.3404500750788078,0.9981851811338392,0.004573458819972,0.235856843110152,0.1231406894577255,-0.2645703955399865,0.0,2956.6911764705883,0,42.83,Attention,0.4283,42.83,Attention,Rejection Spike,Attention (Score: 42.8): High claim rejection rate (34.0%) deviating from national monthly baseline.
2026-04,Uttar Pradesh,94166,92972,1194,83646,23479,18910,4520,70736,23430,0.0480003398254146,0.2008155809952636,0.7511840791793216,0.9519996601745851,0.0,0.1117176050803899,0.7193051670133659,1.0419558715001682,0.0,77.80083682008369,1,34.33,Normal,0.3433,34.33,Normal,Normal Workflow,Normal administrative progression (Risk Score: 34.3). Features align with standard state baselines.
2026-04,Uttarakhand,6616,3525,3091,0,0,0,126,6490,84,0.0190447400241838,0.0,0.9809552599758162,0.9809552599758162,0.0,1.0,0.0,1.7728475924738911,0.0,1.1400388098318242,1,54.04,Attention,0.5404,54.04,Attention,Data Discrepancy,Attention (Score: 54.0): Operational data contradiction flagged. Official counts show mathematical inconsistency across claims received vs approved/rejected totals.
2026-04,West Bengal,142081,131962,10119,52610,51897,45130,364,96587,45130,0.0025619189054131,0.3176357148387188,0.6798023662558681,0.9974380810945868,0.0,0.629718259302792,0.0135525565481847,0.8148938751966217,0.0,13.039723320158105,0,17.85,Normal,0.1785,17.85,Normal,Normal Workflow,Normal administrative progression (Risk Score: 17.9). Features align with standard state baselines.
2026-05,Andhra Pradesh,288409,285115,3294,272093,231555,228489,1525,58395,228489,0.005287629720293,0.7922394932196984,0.2024728770600085,0.9947123702797068,0.0,0.0565724370598698,0.1489858246996431,-0.7039170225323292,0.0,86.52959028831563,0,18.42,Normal,0.1842,18.42,Normal,Normal Workflow,Normal administrative progression (Risk Score: 18.4). Features align with standard state baselines.
2026-05,Assam,216644,208062,8582,105737,81141,89890,110375,16379,87436,0.5094763759901035,0.414920330126844,0.0756032938830523,0.4905236240098964,0.0273000333741239,0.5119320175033696,0.2326148840992273,-1.1085947628924524,0.0,24.24117441454037,0,41.34,Attention,0.4134,41.34,Attention,Backlog Accumulation,"Attention (Score: 41.3): Expanding unresolved backlog (Pending Rate: 50.9%, MoM Growth: +0.0 claims)."
2026-05,Bihar,4696,4696,0,4696,4696,200,0,4496,191,0.0,0.0425894378194207,0.9574105621805792,1.0,0.045,0.0,0.0,1.7041186064740188,0.0,4696.0,0,58.39,Attention,0.5839,58.39,Attention,Rejection Spike,Attention (Score: 58.4): High claim rejection rate (95.7%) deviating from national monthly baseline.
2026-05,Chhattisgarh,947479,890220,57259,843086,841839,534521,6171,406787,534068,0.006513073112966,0.564150762180481,0.4293361647065528,0.993486926887034,0.0008474877507151,0.1101797506857671,0.0014790899149078,0.0197120800195534,0.0,15.54697869367796,0,53.0,Attention,0.53,53.0,Attention,Rejection Spike,Attention (Score: 53.0): High claim rejection rate (42.9%) deviating from national monthly baseline.
2026-05,Goa,10346,9956,390,6358,5605,3459,5060,1827,1047,0.4890779045041561,0.3343321090276435,0.1765899864682002,0.5109220954958438,0.6973113616652211,0.3854629808621689,0.1184334696445423,-0.7864760521783235,0.0,25.462915601023017,0,61.65,Attention,0.6165,61.65,Attention,Administrative Bottleneck,Attention (Score: 61.6): High administrative bottleneck in processing pipeline (Workflow Bottleneck Rate: 69.7%).
2026-05,Gujarat,190242,183055,7187,186192,119410,103524,84387,2331,103524,0.4435771280789731,0.5441700570851863,0.0122528148358406,0.5564228719210269,0.0,0.0212886744252057,0.3586727678955057,-1.3106647001428922,0.0,25.466750139120755,0,17.48,Normal,0.1748,17.48,Normal,Normal Workflow,Normal administrative progression (Risk Score: 17.5). Features align with standard state baselines.
2026-05,Himachal Pradesh,6968,6100,868,4048,2120,1098,5814,56,1098,0.8343857634902411,0.1575774971297359,0.0080367393800229,0.1656142365097589,0.0,0.4190585533869116,0.4762845849802372,-1.3241127768680152,0.0,7.019562715765248,0,35.03,Normal,0.3503,35.03,Normal,Normal Workflow,Normal administrative progression (Risk Score: 35.0). Features align with standard state baselines.
2026-05,Jammu & Kashmir,46090,33233,12857,0,0,4505,1661,39924,6020,0.0360381861575179,0.0977435452375786,0.8662182686049035,0.963961813842482,0.0,1.0,0.0,1.413241231626898,0.0,2.5846165811168142,1,45.41,Attention,0.4541,45.41,Attention,Data Discrepancy,Attention (Score: 45.4): Operational data contradiction flagged. Official counts show mathematical inconsistency across claims received vs approved/rejected totals.
2026-05,Jharkhand,110756,107032,3724,71636,65731,62051,20598,28107,61970,0.1859763805121167,0.560249557586045,0.2537740619018382,0.8140236194878833,0.001305377834362,0.353208855502185,0.0824306214752359,-0.5402808928964948,0.0,28.733422818791947,0,5.6,Normal,0.056,5.6,Normal,Normal Workflow,Normal administrative progression (Risk Score: 5.6). Features align with standard state baselines.
2026-05,Karnataka,295176,289236,5940,154427,18470,16700,15850,262626,16700,0.0536967775157871,0.0565764154267284,0.8897268070574843,0.9463032224842128,0.0,0.4768307721494972,0.8803965627772345,1.4882267559892688,0.0,48.68473320989733,0,57.32,Attention,0.5732,57.32,Attention,Administrative Bottleneck,Attention (Score: 57.3): High administrative bottleneck in processing pipeline (Workflow Bottleneck Rate: 0.0%).
2026-05,Kerala,45598,44580,1018,40632,31209,30203,2179,13216,29807,0.0477871836484056,0.6623755427869643,0.28983727356463,0.9522128163515944,0.0131112803363904,0.1089082854511162,0.2319108092144123,-0.4252495462145096,0.0,43.74877330716389,0,9.86,Normal,0.0986,9.86,Normal,Normal Workflow,Normal administrative progression (Risk Score: 9.9). Features align with standard state baselines.
2026-05,Madhya Pradesh,807405,766430,40975,601124,551223,289461,273457,244487,289461,0.3386862850737858,0.3585078120645772,0.302805902861637,0.6613137149262143,0.0,0.2554864039732228,0.0830128226455772,-0.3838833221908926,0.0,18.704363529871145,0,91.71,High Risk,0.9171,91.71,High Risk,Rejection Spike,High Risk (Score: 91.7): High claim rejection rate (30.3%) deviating from national monthly baseline.
2026-05,Maharashtra,409156,397897,11259,374165,174066,208681,27844,172631,208335,0.0680522832367116,0.5100279599956985,0.4219197567675898,0.9319477167632884,0.0016580330744054,0.0855199483815464,0.534788128232197,-0.0039441434122072,0.0,35.33721136767318,0,24.09,Normal,0.2409,24.09,Normal,Normal Workflow,Normal administrative progression (Risk Score: 24.1). Features align with standard state baselines.
2026-05,Odisha,769977,733158,36819,582159,500189,484481,139151,146345,473936,0.1807209825748041,0.6292148986268421,0.1900641187983537,0.8192790174251958,0.0217655594337032,0.2439267666436789,0.1408034574746761,-0.7434974178347831,0.0,19.91195002715915,0,43.0,Attention,0.43,43.0,Attention,Imbalanced Filing,Attention (Score: 43.0): High structural imbalance between individual and community claim processing.
2026-05,Rajasthan,118375,113162,5213,76333,63849,51766,688,65921,51766,0.0058120380147835,0.4373051742344245,0.556882787750792,0.9941879619852164,0.0,0.3551594508975713,0.163546565705527,0.4265493842149552,0.0,21.70349060222478,0,1.04,Normal,0.0104,1.04,Normal,Normal Workflow,Normal administrative progression (Risk Score: 1.0). Features align with standard state baselines.
2026-05,Tamil Nadu,34667,33119,1548,27582,16972,16568,5388,12711,16508,0.1554215824847838,0.477918481553062,0.3666599359621542,0.8445784175152162,0.0036214389183969,0.2043730348746646,0.3846711623522587,-0.1802071913096546,0.0,21.38089089735313,0,4.84,Normal,0.0484,4.84,Normal,Normal Workflow,Normal administrative progression (Risk Score: 4.8). Features align with standard state baselines.
2026-05,Telangana,655249,651822,3427,231456,231456,231456,329367,94426,231456,0.5026592944056382,0.3532336562131342,0.1441070493812276,0.4973407055943618,0.0,0.6467663437868657,0.0,-0.8900873453775885,0.0,190.14644107351225,0,55.37,Attention,0.5537,55.37,Attention,Backlog Accumulation,"Attention (Score: 55.4): Expanding unresolved backlog (Pending Rate: 50.3%, MoM Growth: +0.0 claims)."
2026-05,Tripura,201122,201055,67,153686,134761,132285,365,68472,131680,0.0018148188661608,0.6577351060550313,0.3404500750788078,0.9981851811338392,0.004573458819972,0.235856843110152,0.1231406894577255,-0.2638091628131939,0.0,2956.6911764705883,0,44.85,Attention,0.4485,44.85,Attention,Rejection Spike,Attention (Score: 44.9): High claim rejection rate (34.0%) deviating from national monthly baseline.
2026-05,Uttar Pradesh,94166,92972,1194,83646,23479,18910,4520,70736,23430,0.0480003398254146,0.2008155809952636,0.7511840791793216,0.9519996601745851,0.0,0.1117176050803899,0.7193051670133659,1.0463150175163574,0.0,77.80083682008369,1,36.26,Normal,0.3626,36.26,Normal,Normal Workflow,Normal administrative progression (Risk Score: 36.3). Features align with standard state baselines.
2026-05,Uttarakhand,6897,3795,3102,0,0,0,199,6698,84,0.0288531245469044,0.0,0.9711468754530956,0.9711468754530956,0.0,1.0,0.0,1.7479335231530415,0.5793650793650794,1.223009990331937,1,62.45,Attention,0.6245,62.45,Attention,Data Discrepancy,Attention (Score: 62.5): Operational data contradiction flagged. Official counts show mathematical inconsistency across claims received vs approved/rejected totals.
2026-05,West Bengal,142081,131962,10119,52610,51897,45130,364,96587,45130,0.0025619189054131,0.3176357148387188,0.6798023662558681,0.9974380810945868,0.0,0.629718259302792,0.0135525565481847,0.8186277376692445,0.0,13.039723320158105,0,19.32,Normal,0.1932,19.32,Normal,Normal Workflow,Normal administrative progression (Risk Score: 19.3). Features align with standard state baselines.
2026-06,Andhra Pradesh,288409,285115,3294,272093,231555,228489,1525,58395,228489,0.005287629720293,0.7922394932196984,0.2024728770600085,0.9947123702797068,0.0,0.0565724370598698,0.1489858246996431,-0.7056896795156195,0.0,86.52959028831563,0,18.68,Normal,0.1868,18.68,Normal,Normal Workflow,Normal administrative progression (Risk Score: 18.7). Features align with standard state baselines.
2026-06,Assam,216644,208062,8582,105737,81141,89890,110375,16379,87436,0.5094763759901035,0.414920330126844,0.0756032938830523,0.4905236240098964,0.0273000333741239,0.5119320175033696,0.2326148840992273,-1.1111889271390365,0.0,24.24117441454037,0,43.22,Attention,0.4322,43.22,Attention,Backlog Accumulation,"Attention (Score: 43.2): Expanding unresolved backlog (Pending Rate: 50.9%, MoM Growth: +0.0 claims)."
2026-06,Bihar,4696,4696,0,4696,4696,200,0,4496,191,0.0,0.0425894378194207,0.9574105621805792,1.0,0.045,0.0,0.0,1.7072343299530162,0.0,4696.0,0,61.79,Attention,0.6179,61.79,Attention,Rejection Spike,Attention (Score: 61.8): High claim rejection rate (95.7%) deviating from national monthly baseline.
2026-06,Chhattisgarh,947479,890220,57259,843086,841839,534521,6171,406787,534068,0.006513073112966,0.564150762180481,0.4293361647065528,0.993486926887034,0.0008474877507151,0.1101797506857671,0.0014790899149078,0.01940841058954,0.0,15.54697869367796,0,53.51,Attention,0.5351,53.51,Attention,Rejection Spike,Attention (Score: 53.5): High claim rejection rate (42.9%) deviating from national monthly baseline.
2026-06,Goa,10377,9978,399,6519,5880,3743,4733,1901,1270,0.4561048472583598,0.360701551508143,0.1831936012334971,0.5438951527416401,0.6606999732834624,0.3717837525296328,0.0980211688909342,-0.7673099012158091,-0.0646245059288537,24.945,0,68.65,High Risk,0.6865,68.65,High Risk,Administrative Bottleneck,High Risk (Score: 68.7): High administrative bottleneck in processing pipeline (Workflow Bottleneck Rate: 66.1%).
2026-06,Gujarat,190242,183055,7187,186192,119410,103524,84387,2331,103524,0.4435771280789731,0.5441700570851863,0.0122528148358406,0.5564228719210269,0.0,0.0212886744252057,0.3586727678955057,-1.3136690720796669,0.0,25.466750139120755,0,18.1,Normal,0.181,18.1,Normal,Normal Workflow,Normal administrative progression (Risk Score: 18.1). Features align with standard state baselines.
2026-06,Himachal Pradesh,6968,6100,868,4048,2120,1098,5814,56,1098,0.8343857634902411,0.1575774971297359,0.0080367393800229,0.1656142365097589,0.0,0.4190585533869116,0.4762845849802372,-1.327144448781055,0.0,7.019562715765248,0,35.33,Normal,0.3533,35.33,Normal,Normal Workflow,Normal administrative progression (Risk Score: 35.3). Features align with standard state baselines.
2026-06,Jammu & Kashmir,46090,33233,12857,0,0,4505,1661,39924,6020,0.0360381861575179,0.0977435452375786,0.8662182686049035,0.963961813842482,0.0,1.0,0.0,1.415766465804576,0.0,2.5846165811168142,1,47.98,Attention,0.4798,47.98,Attention,Data Discrepancy,Attention (Score: 48.0): Operational data contradiction flagged. Official counts show mathematical inconsistency across claims received vs approved/rejected totals.
2026-06,Jharkhand,110756,107032,3724,71636,65731,62051,20598,28107,61970,0.1859763805121167,0.560249557586045,0.2537740619018382,0.8140236194878833,0.001305377834362,0.353208855502185,0.0824306214752359,-0.5417213639065376,0.0,28.733422818791947,0,6.85,Normal,0.0685,6.85,Normal,Normal Workflow,Normal administrative progression (Risk Score: 6.8). Features align with standard state baselines.
2026-06,Karnataka,295176,289236,5940,154427,18470,16700,15850,262626,16700,0.0536967775157871,0.0565764154267284,0.8897268070574843,0.9463032224842128,0.0,0.4768307721494972,0.8803965627772345,1.4909042129031191,0.0,48.68473320989733,0,58.15,Attention,0.5815,58.15,Attention,Administrative Bottleneck,Attention (Score: 58.1): High administrative bottleneck in processing pipeline (Workflow Bottleneck Rate: 0.0%).
2026-06,Kerala,45598,44580,1018,40632,31209,30203,2179,13216,29807,0.0477871836484056,0.6623755427869643,0.28983727356463,0.9522128163515944,0.0131112803363904,0.1089082854511162,0.2319108092144123,-0.4264565003359741,0.0,43.74877330716389,0,10.12,Normal,0.1012,10.12,Normal,Normal Workflow,Normal administrative progression (Risk Score: 10.1). Features align with standard state baselines.
2026-06,Madhya Pradesh,807405,766430,40975,601124,551223,289461,273457,244487,289461,0.3386862850737858,0.3585078120645772,0.302805902861637,0.6613137149262143,0.0,0.2554864039732228,0.0830128226455772,-0.3850063017071312,0.0,18.704363529871145,0,92.96,High Risk,0.9296,92.96,High Risk,Rejection Spike,High Risk (Score: 93.0): High claim rejection rate (30.3%) deviating from national monthly baseline.
2026-06,Maharashtra,409156,397897,11259,374165,174066,208681,27844,172631,208335,0.0680522832367116,0.5100279599956985,0.4219197567675898,0.9319477167632884,0.0016580330744054,0.0855199483815464,0.534788128232197,-0.0042958356451402,0.0,35.33721136767318,0,24.12,Normal,0.2412,24.12,Normal,Normal Workflow,Normal administrative progression (Risk Score: 24.1). Features align with standard state baselines.
2026-06,Odisha,769977,733158,36819,582159,500189,484481,139151,146345,473936,0.1807209825748041,0.6292148986268421,0.1900641187983537,0.8192790174251958,0.0217655594337032,0.2439267666436789,0.1408034574746761,-0.7453504241404652,0.0,19.91195002715915,0,43.95,Attention,0.4395,43.95,Attention,Imbalanced Filing,Attention (Score: 44.0): High structural imbalance between individual and community claim processing.
2026-06,Rajasthan,118375,113162,5213,76333,63849,51766,688,65921,51766,0.0058120380147835,0.4373051742344245,0.556882787750792,0.9941879619852164,0.0,0.3551594508975713,0.163546565705527,0.4270716060239263,0.0,21.70349060222478,0,1.18,Normal,0.0118,1.18,Normal,Normal Workflow,Normal administrative progression (Risk Score: 1.2). Features align with standard state baselines.
2026-06,Tamil Nadu,34667,33119,1548,27582,16972,16568,5388,12711,16508,0.1554215824847838,0.477918481553062,0.3666599359621542,0.8445784175152162,0.0036214389183969,0.2043730348746646,0.3846711623522587,-0.1809167025171851,0.0,21.38089089735313,0,4.89,Normal,0.0489,4.89,Normal,Normal Workflow,Normal administrative progression (Risk Score: 4.9). Features align with standard state baselines.
2026-06,Telangana,655249,651822,3427,231456,231456,231456,329367,94426,231456,0.5026592944056382,0.3532336562131342,0.1441070493812276,0.4973407055943618,0.0,0.6467663437868657,0.0,-0.8922379333839467,0.0,190.14644107351225,0,58.47,Attention,0.5847,58.47,Attention,Backlog Accumulation,"Attention (Score: 58.5): Expanding unresolved backlog (Pending Rate: 50.3%, MoM Growth: +0.0 claims)."
2026-06,Tripura,201122,201055,67,153686,134761,132285,365,68472,131680,0.0018148188661608,0.6577351060550313,0.3404500750788078,0.9981851811338392,0.004573458819972,0.235856843110152,0.1231406894577255,-0.2646883883883956,0.0,2956.6911764705883,0,42.83,Attention,0.4283,42.83,Attention,Rejection Spike,Attention (Score: 42.8): High claim rejection rate (34.0%) deviating from national monthly baseline.
2026-06,Uttar Pradesh,94166,92972,1194,83646,23479,18910,4520,70736,23430,0.0480003398254146,0.2008155809952636,0.7511840791793216,0.9519996601745851,0.0,0.1117176050803899,0.7193051670133659,1.0480953810972082,0.0,77.80083682008369,1,38.67,Normal,0.3867,38.67,Normal,Normal Workflow,Normal administrative progression (Risk Score: 38.7). Features align with standard state baselines.
2026-06,Uttarakhand,6928,3809,3119,0,0,0,230,6698,84,0.0331986143187066,0.0,0.9668013856812931,0.9668013856812931,0.0,1.0,0.0,1.737249182754988,0.1557788944723618,1.2208333333333334,1,60.49,Attention,0.6049,60.49,Attention,Data Discrepancy,Attention (Score: 60.5): Operational data contradiction flagged. Official counts show mathematical inconsistency across claims received vs approved/rejected totals.
2026-06,West Bengal,142081,131962,10119,52610,51897,45130,364,96587,45130,0.0025619189054131,0.3176357148387188,0.6798023662558681,0.9974380810945868,0.0,0.629718259302792,0.0135525565481847,0.8199458896295907,0.0,13.039723320158105,0,20.52,Normal,0.2052,20.52,Normal,Normal Workflow,Normal administrative progression (Risk Score: 20.5). Features align with standard state baselines.
